scientific_name_clements2024.combo,common_name_clements2024.combo,AOU_bbs2024.combo,scientific_name_clements2024,common_name_clements2024,scientific_name_bbs2024,AOU_bbs2024,in_bbs2024
Acanthis flammea,Redpoll,35280,Acanthis flammea,Redpoll,Acanthis flammea,5280,yes
Acanthis flammea,Redpoll,35280,Acanthis flammea [flammea Group/hornemanni/exilipes],Redpoll (Common/Hoary),Carduelis flammea / hornemanni,5275,yes
Acanthis flammea,Redpoll,35280,Acanthis flammea hornemanni/exilipes,Redpoll (Hoary),Acanthis hornemanni,5270,yes
Accipiter striatus,Sharp-shinned Hawk,3320,Accipiter striatus,Sharp-shinned Hawk,Accipiter striatus,3320,yes
Acridotheres tristis,Common Myna,4932,Acridotheres tristis,Common Myna,Acridotheres tristis,4932,yes
Actitis hypoleucos,Common Sandpiper,2631,Actitis hypoleucos,Common Sandpiper,Actitis hypoleucos,2631,yes
Actitis macularius,Spotted Sandpiper,2630,Actitis macularius,Spotted Sandpiper,Actitis macularius,2630,yes
Aechmophorus clarkii,Clark's Grebe,11,Aechmophorus clarkii,Clark's Grebe,Aechmophorus clarkii,11,yes
Aechmophorus occidentalis,Western Grebe,10,Aechmophorus occidentalis,Western Grebe,Aechmophorus occidentalis,10,yes
Aechmophorus occidentalis/clarkii,Western/Clark's Grebe,12,Aechmophorus occidentalis/clarkii,Western/Clark's Grebe,Aechmophorus occidentalis / clarkii,12,yes
Aegolius acadicus,Northern Saw-whet Owl,3720,Aegolius acadicus,Northern Saw-whet Owl,Aegolius acadicus,3720,yes
Aegolius funereus,Boreal Owl,3710,Aegolius funereus,Boreal Owl,Aegolius funereus,3710,yes
Aeronautes saxatalis,White-throated Swift,4250,Aeronautes saxatalis,White-throated Swift,Aeronautes saxatalis,4250,yes
Aerospiza/Tachyspiza/Accipiter/Astur sp.,Accipitrine hawk sp. (former Accipiter sp.),3333,Aerospiza/Tachyspiza/Accipiter/Astur sp.,Accipitrine hawk sp. (former Accipiter sp.),Accipiter sp.,3333,yes
Aethia cristatella,Crested Auklet,NA,Aethia cristatella,Crested Auklet,NA,NA,no
Aethia psittacula,Parakeet Auklet,NA,Aethia psittacula,Parakeet Auklet,NA,NA,no
Aethia pusilla,Least Auklet,NA,Aethia pusilla,Least Auklet,NA,NA,no
Aethia pygmaea,Whiskered Auklet,NA,Aethia pygmaea,Whiskered Auklet,NA,NA,no
Agelaius phoeniceus,Red-winged Blackbird,4980,Agelaius phoeniceus,Red-winged Blackbird,Agelaius phoeniceus,4980,yes
Agelaius tricolor,Tricolored Blackbird,5000,Agelaius tricolor,Tricolored Blackbird,Agelaius tricolor,5000,yes
Aimophila ruficeps,Rufous-crowned Sparrow,5800,Aimophila ruficeps,Rufous-crowned Sparrow,Aimophila ruficeps,5800,yes
Aix sponsa,Wood Duck,1440,Aix sponsa,Wood Duck,Aix sponsa,1440,yes
Alauda arvensis,Eurasian Skylark,4730,Alauda arvensis,Eurasian Skylark,Alauda arvensis,4730,yes
Alca torda,Razorbill,320,Alca torda,Razorbill,Alca torda,320,yes
Alectoris chukar,Chukar,2882,Alectoris chukar,Chukar,Alectoris chukar,2882,yes
Alle alle,Dovekie,NA,Alle alle,Dovekie,NA,NA,no
Alopochen aegyptiaca,Egyptian Goose,20630,Alopochen aegyptiaca,Egyptian Goose,Alopochen aegyptiaca,20630,yes
Amazilia yucatanensis,Buff-bellied Hummingbird,4390,Amazilia yucatanensis,Buff-bellied Hummingbird,Amazilia yucatanensis,4390,yes
Amazona viridigenalis,Red-crowned Amazon,3826,Amazona viridigenalis,Red-crowned Amazon,Amazona viridigenalis,3826,yes
Ammodramus savannarum,Grasshopper Sparrow,5460,Ammodramus savannarum,Grasshopper Sparrow,Ammodramus savannarum,5460,yes
Ammospiza caudacuta,Saltmarsh Sparrow,5490,Ammospiza caudacuta,Saltmarsh Sparrow,Ammospiza caudacuta,5490,yes
Ammospiza leconteii,LeConte's Sparrow,5480,Ammospiza leconteii,LeConte's Sparrow,Ammospiza leconteii,5480,yes
Ammospiza maritima,Seaside Sparrow,5500,Ammospiza maritima,Seaside Sparrow,Ammospiza maritima,5500,yes
Ammospiza nelsoni,Nelson's Sparrow,5491,Ammospiza nelsoni,Nelson's Sparrow,Ammospiza nelsoni,5491,yes
Amphispiza bilineata,Black-throated Sparrow,5730,Amphispiza bilineata,Black-throated Sparrow,Amphispiza bilineata,5730,yes
Anarhynchus montanus,Mountain Plover,2810,Anarhynchus montanus,Mountain Plover,Charadrius montanus,2810,yes
Anarhynchus nivosus,Snowy Plover,2780,Anarhynchus nivosus,Snowy Plover,Charadrius nivosus,2780,yes
Anarhynchus wilsonia,Wilson's Plover,2800,Anarhynchus wilsonia,Wilson's Plover,Charadrius wilsonia,2800,yes
Anas acuta,Northern Pintail,1430,Anas acuta,Northern Pintail,Anas acuta,1430,yes
Anas crecca,Green-winged Teal,1390,Anas crecca,Green-winged Teal,Anas crecca,1390,yes
Anas diazi,Mexican Duck,1331,Anas diazi,Mexican Duck,Anas diazi,1331,yes
Anas fulvigula,Mottled Duck,1340,Anas fulvigula,Mottled Duck,Anas fulvigula,1340,yes
Anas platyrhynchos,Mallard,1320,Anas platyrhynchos,Mallard,Anas platyrhynchos,1320,yes
Anas platyrhynchos x rubripes,Mallard x American Black Duck (hybrid),1326,Anas platyrhynchos x rubripes,Mallard x American Black Duck (hybrid),Anas platyrhynchos x rubripes / diazi / fulvigula,1326,yes
Anas rubripes,American Black Duck,1330,Anas rubripes,American Black Duck,Anas rubripes,1330,yes
Anhinga anhinga,Anhinga,1180,Anhinga anhinga,Anhinga,Anhinga anhinga,1180,yes
Anser albifrons,Greater White-fronted Goose,1710,Anser albifrons,Greater White-fronted Goose,Anser albifrons,1710,yes
Anser caerulescens,Snow Goose,31690,Anser caerulescens,Snow Goose,Anser caerulescens,1690,yes
Anser caerulescens,Snow Goose,31690,NA,NA,Anser caerulescens (blue form),1691,yes
Anser canagicus,Emperor Goose,1760,Anser canagicus,Emperor Goose,Anser canagicus,1760,yes
Anser rossii,Ross's Goose,1700,Anser rossii,Ross's Goose,Anser rossii,1700,yes
Anthus cervinus,Red-throated Pipit,6990,Anthus cervinus,Red-throated Pipit,Anthus cervinus,6990,yes
Anthus rubescens,American Pipit,6970,Anthus rubescens,American Pipit,Anthus rubescens,6970,yes
Anthus spragueii,Sprague's Pipit,7000,Anthus spragueii,Sprague's Pipit,Anthus spragueii,7000,yes
Antigone canadensis,Sandhill Crane,2060,Antigone canadensis,Sandhill Crane,Antigone canadensis,2060,yes
Antrostomus arizonae,Mexican Whip-poor-will,4172,Antrostomus arizonae,Mexican Whip-poor-will,Antrostomus arizonae,4172,yes
Antrostomus carolinensis,Chuck-will's-widow,4160,Antrostomus carolinensis,Chuck-will's-widow,Antrostomus carolinensis,4160,yes
Antrostomus vociferus,Eastern Whip-poor-will,4171,Antrostomus vociferus,Eastern Whip-poor-will,Antrostomus vociferus,4171,yes
Aphelocoma californica,California Scrub-Jay,4812,Aphelocoma californica,California Scrub-Jay,Aphelocoma californica,4812,yes
Aphelocoma californica/woodhouseii,California/Woodhouse's Scrub-Jay,4810,Aphelocoma californica/woodhouseii,California/Woodhouse's Scrub-Jay,Aphelocoma californica / woodhouseii,4810,yes
Aphelocoma coerulescens,Florida Scrub-Jay,4790,Aphelocoma coerulescens,Florida Scrub-Jay,Aphelocoma coerulescens,4790,yes
Aphelocoma insularis,Island Scrub-Jay,4811,Aphelocoma insularis,Island Scrub-Jay,Aphelocoma insularis,4811,yes
Aphelocoma wollweberi,Mexican Jay,4820,Aphelocoma wollweberi,Mexican Jay,Aphelocoma wollweberi,4820,yes
Aphelocoma woodhouseii,Woodhouse's Scrub-Jay,4813,Aphelocoma woodhouseii,Woodhouse's Scrub-Jay,Aphelocoma woodhouseii,4813,yes
Aquila chrysaetos,Golden Eagle,3490,Aquila chrysaetos,Golden Eagle,Aquila chrysaetos,3490,yes
Aramus guarauna,Limpkin,2070,Aramus guarauna,Limpkin,Aramus guarauna,2070,yes
Aratinga nenday,Nanday Parakeet,51830,Aratinga nenday,Nanday Parakeet,Aratinga nenday,51830,yes
Archilochus alexandri,Black-chinned Hummingbird,4290,Archilochus alexandri,Black-chinned Hummingbird,Archilochus alexandri,4290,yes
Archilochus colubris,Ruby-throated Hummingbird,4280,Archilochus colubris,Ruby-throated Hummingbird,Archilochus colubris,4280,yes
Archilochus colubris/alexandri,Ruby-throated/Black-chinned Hummingbird,4295,Archilochus colubris/alexandri,Ruby-throated/Black-chinned Hummingbird,Archilochus colubris / alexandri,4295,yes
Ardea alba,Great Egret,1960,Ardea alba,Great Egret,Ardea alba,1960,yes
Ardea herodias,Great Blue Heron,31940,Ardea herodias,Great Blue Heron,Ardea herodias,1940,yes
Ardea herodias,Great Blue Heron,31940,Ardea herodias occidentalis,Great Blue Heron (Great White),Ardea herodias occidentalis,1920,yes
Ardea ibis,Western Cattle-Egret,2001,Ardea ibis,Western Cattle-Egret,Bubulcus ibis,2001,yes
Ardea sp.,Ardea sp.,1945,Ardea sp.,Ardea sp.,Ardeid sp.,1945,yes
Arenaria interpres,Ruddy Turnstone,2830,Arenaria interpres,Ruddy Turnstone,Arenaria interpres,2830,yes
Arenaria melanocephala,Black Turnstone,2840,Arenaria melanocephala,Black Turnstone,Arenaria melanocephala,2840,yes
Arremonops rufivirgatus,Olive Sparrow,5860,Arremonops rufivirgatus,Olive Sparrow,Arremonops rufivirgatus,5860,yes
Artemisiospiza belli,Bell's Sparrow,5739,Artemisiospiza belli,Bell's Sparrow,Artemisiospiza belli,5739,yes
Artemisiospiza nevadensis,Sagebrush Sparrow,5738,Artemisiospiza nevadensis,Sagebrush Sparrow,Artemisiospiza nevadensis,5738,yes
Artemisiospiza nevadensis/belli,Sagebrush/Bell's Sparrow (Sage Sparrow),5740,Artemisiospiza nevadensis/belli,Sagebrush/Bell's Sparrow (Sage Sparrow),Artemisiospiza nevadensis / belli,5740,yes
Asio flammeus,Short-eared Owl,3670,Asio flammeus,Short-eared Owl,Asio flammeus,3670,yes
Asio otus,Long-eared Owl,3660,Asio otus,Long-eared Owl,Asio otus,3660,yes
Astur atricapillus,American Goshawk,3340,Astur atricapillus,American Goshawk,Accipiter atricapillus,3340,yes
Astur cooperii,Cooper's Hawk,3330,Astur cooperii,Cooper's Hawk,Accipiter cooperii,3330,yes
Athene cunicularia,Burrowing Owl,3780,Athene cunicularia,Burrowing Owl,Athene cunicularia,3780,yes
Auriparus flaviceps,Verdin,7460,Auriparus flaviceps,Verdin,Auriparus flaviceps,7460,yes
Aythya affinis,Lesser Scaup,1490,Aythya affinis,Lesser Scaup,Aythya affinis,1490,yes
Aythya americana,Redhead,1460,Aythya americana,Redhead,Aythya americana,1460,yes
Aythya collaris,Ring-necked Duck,1500,Aythya collaris,Ring-necked Duck,Aythya collaris,1500,yes
Aythya fuligula,Tufted Duck,1491,Aythya fuligula,Tufted Duck,Aythya fuligula,1491,yes
Aythya marila,Greater Scaup,1480,Aythya marila,Greater Scaup,Aythya marila,1480,yes
Aythya marila/affinis,Greater/Lesser Scaup,1489,Aythya marila/affinis,Greater/Lesser Scaup,Aythya marila / affinis,1489,yes
Aythya valisineria,Canvasback,1470,Aythya valisineria,Canvasback,Aythya valisineria,1470,yes
Baeolophus atricristatus,Black-crested Titmouse,7320,Baeolophus atricristatus,Black-crested Titmouse,Baeolophus atricristatus,7320,yes
Baeolophus bicolor,Tufted Titmouse,7310,Baeolophus bicolor,Tufted Titmouse,Baeolophus bicolor,7310,yes
Baeolophus bicolor/atricristatus,Tufted/Black-crested Titmouse,7315,Baeolophus bicolor/atricristatus,Tufted/Black-crested Titmouse,Baeolophus bicolor / atricristatus,7315,yes
Baeolophus inornatus,Oak Titmouse,7330,Baeolophus inornatus,Oak Titmouse,Baeolophus inornatus,7330,yes
Baeolophus inornatus/ridgwayi,Oak/Juniper Titmouse (Plain Titmouse),7332,Baeolophus inornatus/ridgwayi,Oak/Juniper Titmouse (Plain Titmouse),Baeolophus inornatus / ridgwayi,7332,yes
Baeolophus ridgwayi,Juniper Titmouse,7331,Baeolophus ridgwayi,Juniper Titmouse,Baeolophus ridgwayi,7331,yes
Baeolophus wollweberi,Bridled Titmouse,7340,Baeolophus wollweberi,Bridled Titmouse,Baeolophus wollweberi,7340,yes
Bartramia longicauda,Upland Sandpiper,2610,Bartramia longicauda,Upland Sandpiper,Bartramia longicauda,2610,yes
Bombycilla cedrorum,Cedar Waxwing,6190,Bombycilla cedrorum,Cedar Waxwing,Bombycilla cedrorum,6190,yes
Bombycilla garrulus,Bohemian Waxwing,6180,Bombycilla garrulus,Bohemian Waxwing,Bombycilla garrulus,6180,yes
Bombycilla garrulus/cedrorum,Bohemian/Cedar Waxwing,6185,Bombycilla garrulus/cedrorum,Bohemian/Cedar Waxwing,Bombycilla garrulus / cedrorum,6185,yes
Bonasa umbellus,Ruffed Grouse,3000,Bonasa umbellus,Ruffed Grouse,Bonasa umbellus,3000,yes
Botaurus exilis,Least Bittern,1910,Botaurus exilis,Least Bittern,Ixobrychus exilis,1910,yes
Botaurus lentiginosus,American Bittern,1900,Botaurus lentiginosus,American Bittern,Botaurus lentiginosus,1900,yes
Brachyramphus brevirostris,Kittlitz's Murrelet,240,Brachyramphus brevirostris,Kittlitz's Murrelet,Brachyramphus brevirostris,240,yes
Brachyramphus marmoratus,Marbled Murrelet,230,Brachyramphus marmoratus,Marbled Murrelet,Brachyramphus marmoratus,230,yes
Branta bernicla,Brant,1730,Branta bernicla,Brant,Branta bernicla,1730,yes
Branta bernicla nigricans,Brant (Black),1740,Branta bernicla nigricans,Brant (Black),Branta bernicla nigricans,1740,yes
Branta canadensis,Canada Goose,1720,Branta canadensis,Canada Goose,Branta canadensis,1720,yes
Branta hutchinsii,Cackling Goose,1725,Branta hutchinsii,Cackling Goose,Branta hutchinsii,1725,yes
Brotogeris chiriri,Yellow-chevroned Parakeet,52021,Brotogeris chiriri,Yellow-chevroned Parakeet,Brotogeris chiriri,52021,yes
Brotogeris versicolurus/chiriri,White-winged/Yellow-chevroned Parakeet,3827,Brotogeris versicolurus/chiriri,White-winged/Yellow-chevroned Parakeet,Brotogeris versicolurus / chiriri,3827,yes
Bubo scandiacus,Snowy Owl,3760,Bubo scandiacus,Snowy Owl,Bubo scandiacus,3760,yes
Bubo virginianus,Great Horned Owl,3750,Bubo virginianus,Great Horned Owl,Bubo virginianus,3750,yes
Bucephala albeola,Bufflehead,1530,Bucephala albeola,Bufflehead,Bucephala albeola,1530,yes
Bucephala clangula,Common Goldeneye,1510,Bucephala clangula,Common Goldeneye,Bucephala clangula,1510,yes
Bucephala clangula/islandica,Common/Barrow's Goldeneye,1512,Bucephala clangula/islandica,Common/Barrow's Goldeneye,Bucephala clangula / islandica,1512,yes
Bucephala islandica,Barrow's Goldeneye,1520,Bucephala islandica,Barrow's Goldeneye,Bucephala islandica,1520,yes
Buteo albonotatus,Zone-tailed Hawk,3400,Buteo albonotatus,Zone-tailed Hawk,Buteo albonotatus,3400,yes
Buteo brachyurus,Short-tailed Hawk,3440,Buteo brachyurus,Short-tailed Hawk,Buteo brachyurus,3440,yes
Buteo jamaicensis,Red-tailed Hawk,33370,Buteo jamaicensis,Red-tailed Hawk,Buteo jamaicensis,3370,yes
Buteo jamaicensis,Red-tailed Hawk,33370,Buteo jamaicensis harlani,Red-tailed Hawk (Harlan's),Buteo jamaicensis harlani,3380,yes
Buteo lagopus,Rough-legged Hawk,3470,Buteo lagopus,Rough-legged Hawk,Buteo lagopus,3470,yes
Buteo lineatus,Red-shouldered Hawk,3390,Buteo lineatus,Red-shouldered Hawk,Buteo lineatus,3390,yes
Buteo plagiatus,Gray Hawk,3460,Buteo plagiatus,Gray Hawk,Buteo plagiatus,3460,yes
Buteo platypterus,Broad-winged Hawk,3430,Buteo platypterus,Broad-winged Hawk,Buteo platypterus,3430,yes
Buteo regalis,Ferruginous Hawk,3480,Buteo regalis,Ferruginous Hawk,Buteo regalis,3480,yes
Buteo sp.,Buteo sp.,3451,Buteo sp.,Buteo sp.,Buteo sp.,3451,yes
Buteo swainsoni,Swainson's Hawk,3420,Buteo swainsoni,Swainson's Hawk,Buteo swainsoni,3420,yes
Buteogallus anthracinus,Common Black Hawk,3450,Buteogallus anthracinus,Common Black Hawk,Buteogallus anthracinus,3450,yes
Butorides virescens,Green Heron,2010,Butorides virescens,Green Heron,Butorides virescens,2010,yes
Cairina moschata,Muscovy Duck,10210,Cairina moschata,Muscovy Duck,Cairina moschata,10210,yes
Calamospiza melanocorys,Lark Bunting,6050,Calamospiza melanocorys,Lark Bunting,Calamospiza melanocorys,6050,yes
Calcarius lapponicus,Lapland Longspur,5360,Calcarius lapponicus,Lapland Longspur,Calcarius lapponicus,5360,yes
Calcarius ornatus,Chestnut-collared Longspur,5380,Calcarius ornatus,Chestnut-collared Longspur,Calcarius ornatus,5380,yes
Calcarius pictus,Smith's Longspur,5370,Calcarius pictus,Smith's Longspur,Calcarius pictus,5370,yes
Calidris acuminata,Sharp-tailed Sandpiper,2380,Calidris acuminata,Sharp-tailed Sandpiper,Calidris acuminata,2380,yes
Calidris alba,Sanderling,2480,Calidris alba,Sanderling,Calidris alba,2480,yes
Calidris alpina,Dunlin,2430,Calidris alpina,Dunlin,Calidris alpina,2430,yes
Calidris bairdii,Baird's Sandpiper,2410,Calidris bairdii,Baird's Sandpiper,Calidris bairdii,2410,yes
Calidris canutus,Red Knot,2340,Calidris canutus,Red Knot,Calidris canutus,2340,yes
Calidris fuscicollis,White-rumped Sandpiper,2400,Calidris fuscicollis,White-rumped Sandpiper,Calidris fuscicollis,2400,yes
Calidris himantopus,Stilt Sandpiper,2330,Calidris himantopus,Stilt Sandpiper,Calidris himantopus,2330,yes
Calidris maritima,Purple Sandpiper,2350,Calidris maritima,Purple Sandpiper,Calidris maritima,2350,yes
Calidris mauri,Western Sandpiper,2470,Calidris mauri,Western Sandpiper,Calidris mauri,2470,yes
Calidris melanotos,Pectoral Sandpiper,2390,Calidris melanotos,Pectoral Sandpiper,Calidris melanotos,2390,yes
Calidris minutilla,Least Sandpiper,2420,Calidris minutilla,Least Sandpiper,Calidris minutilla,2420,yes
Calidris ptilocnemis,Rock Sandpiper,2356,Calidris ptilocnemis,Rock Sandpiper,Calidris ptilocnemis,2356,yes
Calidris pugnax,Ruff,2600,Calidris pugnax,Ruff,Calidris pugnax,2600,yes
Calidris pusilla,Semipalmated Sandpiper,2460,Calidris pusilla,Semipalmated Sandpiper,Calidris pusilla,2460,yes
Calidris ruficollis,Red-necked Stint,2422,Calidris ruficollis,Red-necked Stint,Calidris ruficollis,2422,yes
Calidris sp.,Calidris sp.,2429,Calidris sp.,Calidris sp.,Calidris sp.,2429,yes
Calidris subruficollis,Buff-breasted Sandpiper,2620,Calidris subruficollis,Buff-breasted Sandpiper,Calidris subruficollis,2620,yes
Calidris virgata,Surfbird,2820,Calidris virgata,Surfbird,Calidris virgata,2820,yes
Callipepla californica,California Quail,2940,Callipepla californica,California Quail,Callipepla californica,2940,yes
Callipepla gambelii,Gambel's Quail,2950,Callipepla gambelii,Gambel's Quail,Callipepla gambelii,2950,yes
Callipepla squamata,Scaled Quail,2930,Callipepla squamata,Scaled Quail,Callipepla squamata,2930,yes
Calonectris diomedea,Scopoli's Shearwater,880,Calonectris diomedea,Scopoli's Shearwater,Calonectris diomedea,880,yes
Calothorax lucifer,Lucifer Hummingbird,4370,Calothorax lucifer,Lucifer Hummingbird,Calothorax lucifer,4370,yes
Calypte anna,Anna's Hummingbird,4310,Calypte anna,Anna's Hummingbird,Calypte anna,4310,yes
Calypte costae,Costa's Hummingbird,4300,Calypte costae,Costa's Hummingbird,Calypte costae,4300,yes
Camptostoma imberbe,Northern Beardless-Tyrannulet,4720,Camptostoma imberbe,Northern Beardless-Tyrannulet,Camptostoma imberbe,4720,yes
Campylorhynchus brunneicapillus,Cactus Wren,7130,Campylorhynchus brunneicapillus,Cactus Wren,Campylorhynchus brunneicapillus,7130,yes
Canachites canadensis,Spruce Grouse,2980,Canachites canadensis,Spruce Grouse,Canachites canadensis,2980,yes
Caracara plancus,Crested Caracara,3620,Caracara plancus,Crested Caracara,Caracara plancus,3620,yes
Cardellina canadensis,Canada Warbler,6860,Cardellina canadensis,Canada Warbler,Cardellina canadensis,6860,yes
Cardellina pusilla,Wilson's Warbler,6850,Cardellina pusilla,Wilson's Warbler,Cardellina pusilla,6850,yes
Cardellina rubrifrons,Red-faced Warbler,6900,Cardellina rubrifrons,Red-faced Warbler,Cardellina rubrifrons,6900,yes
Cardinalis cardinalis,Northern Cardinal,5930,Cardinalis cardinalis,Northern Cardinal,Cardinalis cardinalis,5930,yes
Cardinalis cardinalis/sinuatus,Northern Cardinal/Pyrrhuloxia,5935,Cardinalis cardinalis/sinuatus,Northern Cardinal/Pyrrhuloxia,Cardinalis cardinalis / sinuatus,5935,yes
Cardinalis sinuatus,Pyrrhuloxia,5940,Cardinalis sinuatus,Pyrrhuloxia,Cardinalis sinuatus,5940,yes
Carduelis carduelis,European Goldfinch,5261,Carduelis carduelis,European Goldfinch,Carduelis carduelis,5261,yes
Cathartes aura,Turkey Vulture,3250,Cathartes aura,Turkey Vulture,Cathartes aura,3250,yes
Cathartes sp.,Cathartes sp.,3255,Cathartes sp.,Cathartes sp.,Coragyps / Cathartes atratus / aura,3255,yes
Catharus bicknelli,Bicknell's Thrush,7571,Catharus bicknelli,Bicknell's Thrush,Catharus bicknelli,7571,yes
Catharus fuscescens,Veery,7560,Catharus fuscescens,Veery,Catharus fuscescens,7560,yes
Catharus guttatus,Hermit Thrush,7590,Catharus guttatus,Hermit Thrush,Catharus guttatus,7590,yes
Catharus minimus,Gray-cheeked Thrush,7570,Catharus minimus,Gray-cheeked Thrush,Catharus minimus,7570,yes
Catharus ustulatus,Swainson's Thrush,7580,Catharus ustulatus,Swainson's Thrush,Catharus ustulatus,7580,yes
Catherpes mexicanus,Canyon Wren,7170,Catherpes mexicanus,Canyon Wren,Catherpes mexicanus,7170,yes
Centrocercus minimus,Gunnison Sage-Grouse,3089,Centrocercus minimus,Gunnison Sage-Grouse,Centrocercus minimus,3089,yes
Centrocercus urophasianus,Greater Sage-Grouse,3090,Centrocercus urophasianus,Greater Sage-Grouse,Centrocercus urophasianus,3090,yes
Centronyx bairdii,Baird's Sparrow,5450,Centronyx bairdii,Baird's Sparrow,Centronyx bairdii,5450,yes
Centronyx henslowii,Henslow's Sparrow,5470,Centronyx henslowii,Henslow's Sparrow,Centronyx henslowii,5470,yes
Cepphus columba,Pigeon Guillemot,290,Cepphus columba,Pigeon Guillemot,Cepphus columba,290,yes
Cepphus grylle,Black Guillemot,270,Cepphus grylle,Black Guillemot,Cepphus grylle,270,yes
Cerorhinca monocerata,Rhinoceros Auklet,150,Cerorhinca monocerata,Rhinoceros Auklet,Cerorhinca monocerata,150,yes
Certhia americana,Brown Creeper,7260,Certhia americana,Brown Creeper,Certhia americana,7260,yes
Chaetura pelagica,Chimney Swift,4230,Chaetura pelagica,Chimney Swift,Chaetura pelagica,4230,yes
Chaetura vauxi,Vaux's Swift,4240,Chaetura vauxi,Vaux's Swift,Chaetura vauxi,4240,yes
Chamaea fasciata,Wrentit,7420,Chamaea fasciata,Wrentit,Chamaea fasciata,7420,yes
Charadrius hiaticula,Common Ringed Plover,2750,Charadrius hiaticula,Common Ringed Plover,Charadrius hiaticula,2750,yes
Charadrius melodus,Piping Plover,2770,Charadrius melodus,Piping Plover,Charadrius melodus,2770,yes
Charadrius semipalmatus,Semipalmated Plover,2740,Charadrius semipalmatus,Semipalmated Plover,Charadrius semipalmatus,2740,yes
Charadrius vociferus,Killdeer,2730,Charadrius vociferus,Killdeer,Charadrius vociferus,2730,yes
Chlidonias niger,Black Tern,770,Chlidonias niger,Black Tern,Chlidonias niger,770,yes
Chloroceryle americana,Green Kingfisher,3910,Chloroceryle americana,Green Kingfisher,Chloroceryle americana,3910,yes
Chondestes grammacus,Lark Sparrow,5520,Chondestes grammacus,Lark Sparrow,Chondestes grammacus,5520,yes
Chondrohierax uncinatus,Hook-billed Kite,3271,Chondrohierax uncinatus,Hook-billed Kite,Chondrohierax uncinatus,3271,yes
Chordeiles acutipennis,Lesser Nighthawk,4210,Chordeiles acutipennis,Lesser Nighthawk,Chordeiles acutipennis,4210,yes
Chordeiles gundlachii,Antillean Nighthawk,4201,Chordeiles gundlachii,Antillean Nighthawk,Chordeiles gundlachii,4201,yes
Chordeiles minor,Common Nighthawk,4200,Chordeiles minor,Common Nighthawk,Chordeiles minor,4200,yes
Chordeiles minor/gundlachii,Common/Antillean Nighthawk,4206,Chordeiles minor/gundlachii,Common/Antillean Nighthawk,Chordeiles minor / gundlachii,4206,yes
Chordeiles sp.,nighthawk sp.,4205,Chordeiles sp.,nighthawk sp.,Chordeiles acutipennis / minor,4205,yes
Chroicocephalus philadelphia,Bonaparte's Gull,600,Chroicocephalus philadelphia,Bonaparte's Gull,Chroicocephalus philadelphia,600,yes
Chroicocephalus ridibundus,Black-headed Gull,551,Chroicocephalus ridibundus,Black-headed Gull,Chroicocephalus ridibundus,551,yes
Cinclus mexicanus,American Dipper,7010,Cinclus mexicanus,American Dipper,Cinclus mexicanus,7010,yes
Circus hudsonius,Northern Harrier,3310,Circus hudsonius,Northern Harrier,Circus hudsonius,3310,yes
Cistothorus palustris,Marsh Wren,7250,Cistothorus palustris,Marsh Wren,Cistothorus palustris,7250,yes
Cistothorus stellaris,Sedge Wren,7240,Cistothorus stellaris,Sedge Wren,Cistothorus stellaris,7240,yes
Clangula hyemalis,Long-tailed Duck,1540,Clangula hyemalis,Long-tailed Duck,Clangula hyemalis,1540,yes
Coccothraustes vespertinus,Evening Grosbeak,5140,Coccothraustes vespertinus,Evening Grosbeak,Coccothraustes vespertinus,5140,yes
Coccyzus americanus,Yellow-billed Cuckoo,3870,Coccyzus americanus,Yellow-billed Cuckoo,Coccyzus americanus,3870,yes
Coccyzus americanus/erythropthalmus,Yellow-billed/Black-billed Cuckoo,3875,Coccyzus americanus/erythropthalmus,Yellow-billed/Black-billed Cuckoo,Coccyzus americanus / erythropthalmus,3875,yes
Coccyzus erythropthalmus,Black-billed Cuckoo,3880,Coccyzus erythropthalmus,Black-billed Cuckoo,Coccyzus erythropthalmus,3880,yes
Coccyzus minor,Mangrove Cuckoo,3860,Coccyzus minor,Mangrove Cuckoo,Coccyzus minor,3860,yes
Colaptes auratus,Northern Flicker,34120,Colaptes auratus,Northern Flicker,Colaptes auratus,4123,yes
Colaptes auratus,Northern Flicker,34120,Colaptes auratus auratus,NA,Colaptes auratus auratus,4120,yes
Colaptes auratus,Northern Flicker,34120,Colaptes auratus cafer,NA,Colaptes auratus cafer,4130,yes
Colaptes auratus,Northern Flicker,34120,Colaptes auratus luteus x cafer,Northern Flicker (Yellow-shafted x Red-shafted),Colaptes auratus auratus x auratus cafer,4125,yes
Colaptes chrysoides,Gilded Flicker,4140,Colaptes chrysoides,Gilded Flicker,Colaptes chrysoides,4140,yes
Colinus virginianus,Northern Bobwhite,2890,Colinus virginianus,Northern Bobwhite,Colinus virginianus,2890,yes
Columba livia,Rock Pigeon,3131,Columba livia,Rock Pigeon,Columba livia,3131,yes
Columbina inca,Inca Dove,3210,Columbina inca,Inca Dove,Columbina inca,3210,yes
Columbina passerina,Common Ground Dove,3200,Columbina passerina,Common Ground Dove,Columbina passerina,3200,yes
Columbina talpacoti,Ruddy Ground Dove,3201,Columbina talpacoti,Ruddy Ground Dove,Columbina talpacoti,3201,yes
Contopus cooperi,Olive-sided Flycatcher,4590,Contopus cooperi,Olive-sided Flycatcher,Contopus cooperi,4590,yes
Contopus pertinax,Greater Pewee,4600,Contopus pertinax,Greater Pewee,Contopus pertinax,4600,yes
Contopus sordidulus,Western Wood-Pewee,4620,Contopus sordidulus,Western Wood-Pewee,Contopus sordidulus,4620,yes
Contopus virens,Eastern Wood-Pewee,4610,Contopus virens,Eastern Wood-Pewee,Contopus virens,4610,yes
Coragyps atratus,Black Vulture,3260,Coragyps atratus,Black Vulture,Coragyps atratus,3260,yes
Corthylio calendula,Ruby-crowned Kinglet,7490,Corthylio calendula,Ruby-crowned Kinglet,Corthylio calendula,7490,yes
Corvus brachyrhynchos,American Crow,34880,Corvus brachyrhynchos,American Crow,Corvus brachyrhynchos,4880,yes
Corvus brachyrhynchos,American Crow,34880,Corvus brachyrhynchos,American Crow,Corvus brachyrhynchos / caurinus,4882,yes
Corvus brachyrhynchos/ossifragus,American/Fish Crow,4881,Corvus brachyrhynchos/ossifragus,American/Fish Crow,Corvus brachyrhynchos / ossifragus,4881,yes
Corvus brachyrhynchos,American Crow,34880,Corvus brachyrhynchos caurinus,American Crow,Corvus caurinus,4890,yes
Corvus corax,Common Raven,4860,Corvus corax,Common Raven,Corvus corax,4860,yes
Corvus cryptoleucus,Chihuahuan Raven,4870,Corvus cryptoleucus,Chihuahuan Raven,Corvus cryptoleucus,4870,yes
NA,NA,4865,NA,NA,Corvus cryptoleucus / corax,4865,yes
Corvus imparatus,Tamaulipas Crow,NA,Corvus imparatus,Tamaulipas Crow,NA,NA,no
Corvus ossifragus,Fish Crow,4900,Corvus ossifragus,Fish Crow,Corvus ossifragus,4900,yes
Coturnicops noveboracensis,Yellow Rail,2150,Coturnicops noveboracensis,Yellow Rail,Coturnicops noveboracensis,2150,yes
Crotophaga ani,Smooth-billed Ani,3830,Crotophaga ani,Smooth-billed Ani,Crotophaga ani,3830,yes
Crotophaga sulcirostris,Groove-billed Ani,3840,Crotophaga sulcirostris,Groove-billed Ani,Crotophaga sulcirostris,3840,yes
Cyanocitta cristata,Blue Jay,4770,Cyanocitta cristata,Blue Jay,Cyanocitta cristata,4770,yes
Cyanocitta stelleri,Steller's Jay,4780,Cyanocitta stelleri,Steller's Jay,Cyanocitta stelleri,4780,yes
Cyanocorax yncas,Green Jay,4830,Cyanocorax yncas,Green Jay,Cyanocorax yncas,4830,yes
Cygnus buccinator,Trumpeter Swan,1810,Cygnus buccinator,Trumpeter Swan,Cygnus buccinator,1810,yes
Cygnus columbianus,Tundra Swan,1800,Cygnus columbianus,Tundra Swan,Cygnus columbianus,1800,yes
Cygnus olor,Mute Swan,1782,Cygnus olor,Mute Swan,Cygnus olor,1782,yes
Cynanthus latirostris,Broad-billed Hummingbird,4410,Cynanthus latirostris,Broad-billed Hummingbird,Cynanthus latirostris,4410,yes
Cypseloides niger,Black Swift,4220,Cypseloides niger,Black Swift,Cypseloides niger,4220,yes
Cyrtonyx montezumae,Montezuma Quail,2960,Cyrtonyx montezumae,Montezuma Quail,Cyrtonyx montezumae,2960,yes
Dendragapus fuliginosus,Sooty Grouse,2971,Dendragapus fuliginosus,Sooty Grouse,Dendragapus fuliginosus,2971,yes
Dendragapus obscurus,Dusky Grouse,2970,Dendragapus obscurus,Dusky Grouse,Dendragapus obscurus,2970,yes
Dendragapus obscurus/fuliginosus,Dusky/Sooty Grouse,2973,Dendragapus obscurus/fuliginosus,Dusky/Sooty Grouse,Dendragapus obscurus / fuliginosus,2973,yes
Dendrocygna autumnalis,Black-bellied Whistling-Duck,1770,Dendrocygna autumnalis,Black-bellied Whistling-Duck,Dendrocygna autumnalis,1770,yes
Dendrocygna bicolor,Fulvous Whistling-Duck,1780,Dendrocygna bicolor,Fulvous Whistling-Duck,Dendrocygna bicolor,1780,yes
Dolichonyx oryzivorus,Bobolink,4940,Dolichonyx oryzivorus,Bobolink,Dolichonyx oryzivorus,4940,yes
Dryobates albolarvatus,White-headed Woodpecker,3990,Dryobates albolarvatus,White-headed Woodpecker,Dryobates albolarvatus,3990,yes
Dryobates arizonae,Arizona Woodpecker,3975,Dryobates arizonae,Arizona Woodpecker,Dryobates arizonae,3975,yes
Dryobates borealis,Red-cockaded Woodpecker,3950,Dryobates borealis,Red-cockaded Woodpecker,Dryobates borealis,3950,yes
Dryobates nuttallii,Nuttall's Woodpecker,3970,Dryobates nuttallii,Nuttall's Woodpecker,Dryobates nuttallii,3970,yes
Dryobates pubescens,Downy Woodpecker,3940,Dryobates pubescens,Downy Woodpecker,Dryobates pubescens,3940,yes
Dryobates scalaris,Ladder-backed Woodpecker,3960,Dryobates scalaris,Ladder-backed Woodpecker,Dryobates scalaris,3960,yes
Dryobates villosus,Hairy Woodpecker,3930,Dryobates villosus,Hairy Woodpecker,Dryobates villosus,3930,yes
Dryocopus pileatus,Pileated Woodpecker,4050,Dryocopus pileatus,Pileated Woodpecker,Dryocopus pileatus,4050,yes
Dumetella carolinensis,Gray Catbird,7040,Dumetella carolinensis,Gray Catbird,Dumetella carolinensis,7040,yes
Egretta caerulea,Little Blue Heron,2000,Egretta caerulea,Little Blue Heron,Egretta caerulea,2000,yes
Egretta garzetta,Little Egret,1961,Egretta garzetta,Little Egret,Egretta garzetta,1961,yes
Egretta rufescens,Reddish Egret,1980,Egretta rufescens,Reddish Egret,Egretta rufescens,1980,yes
Egretta thula,Snowy Egret,1970,Egretta thula,Snowy Egret,Egretta thula,1970,yes
Egretta tricolor,Tricolored Heron,1990,Egretta tricolor,Tricolored Heron,Egretta tricolor,1990,yes
Elanoides forficatus,Swallow-tailed Kite,3270,Elanoides forficatus,Swallow-tailed Kite,Elanoides forficatus,3270,yes
Elanus leucurus,White-tailed Kite,3280,Elanus leucurus,White-tailed Kite,Elanus leucurus,3280,yes
Empidonax alnorum,Alder Flycatcher,4661,Empidonax alnorum,Alder Flycatcher,Empidonax alnorum,4661,yes
Empidonax alnorum/traillii,Alder/Willow Flycatcher (Traill's Flycatcher),4665,Empidonax alnorum/traillii,Alder/Willow Flycatcher (Traill's Flycatcher),Empidonax alnorum / traillii,4665,yes
Empidonax difficilis,Western Flycatcher,34641,Empidonax difficilis,Western Flycatcher,Empidonax difficilis,4642,yes
Empidonax difficilis,Western Flycatcher,34641,Empidonax difficilis difficilis,NA,Empidonax difficilis difficilis,4641,yes
Empidonax difficilis,Western Flycatcher,34641,Empidonax difficilis occidentalis,NA,Empidonax difficilis occidentalis,4640,yes
Empidonax flaviventris,Yellow-bellied Flycatcher,4630,Empidonax flaviventris,Yellow-bellied Flycatcher,Empidonax flaviventris,4630,yes
Empidonax fulvifrons,Buff-breasted Flycatcher,4700,Empidonax fulvifrons,Buff-breasted Flycatcher,Empidonax fulvifrons,4700,yes
Empidonax hammondii,Hammond's Flycatcher,4680,Empidonax hammondii,Hammond's Flycatcher,Empidonax hammondii,4680,yes
Empidonax hammondii/oberholseri,Hammond's/Dusky Flycatcher,4689,Empidonax hammondii/oberholseri,Hammond's/Dusky Flycatcher,Empidonax hammondii / oberholseri,4689,yes
Empidonax minimus,Least Flycatcher,4670,Empidonax minimus,Least Flycatcher,Empidonax minimus,4670,yes
Empidonax oberholseri,Dusky Flycatcher,4690,Empidonax oberholseri,Dusky Flycatcher,Empidonax oberholseri,4690,yes
Empidonax sp.,Empidonax sp.,4679,Empidonax sp.,Empidonax sp.,Empidonax sp.,4679,yes
Empidonax traillii,Willow Flycatcher,4660,Empidonax traillii,Willow Flycatcher,Empidonax traillii,4660,yes
Empidonax virescens,Acadian Flycatcher,4650,Empidonax virescens,Acadian Flycatcher,Empidonax virescens,4650,yes
Empidonax wrightii,Gray Flycatcher,4691,Empidonax wrightii,Gray Flycatcher,Empidonax wrightii,4691,yes
Eremophila alpestris,Horned Lark,4740,Eremophila alpestris,Horned Lark,Eremophila alpestris,4740,yes
Eudocimus albus,White Ibis,1840,Eudocimus albus,White Ibis,Eudocimus albus,1840,yes
Eugenes fulgens,Rivoli's Hummingbird,4260,Eugenes fulgens,Rivoli's Hummingbird,Eugenes fulgens,4260,yes
Euphagus carolinus,Rusty Blackbird,5090,Euphagus carolinus,Rusty Blackbird,Euphagus carolinus,5090,yes
Euphagus cyanocephalus,Brewer's Blackbird,5100,Euphagus cyanocephalus,Brewer's Blackbird,Euphagus cyanocephalus,5100,yes
Euplectes franciscanus,Northern Red Bishop,19500,Euplectes franciscanus,Northern Red Bishop,Euplectes franciscanus,19500,yes
Falco columbarius,Merlin,3570,Falco columbarius,Merlin,Falco columbarius,3570,yes
Falco femoralis,Aplomado Falcon,3590,Falco femoralis,Aplomado Falcon,Falco femoralis,3590,yes
Falco mexicanus,Prairie Falcon,3550,Falco mexicanus,Prairie Falcon,Falco mexicanus,3550,yes
Falco peregrinus,Peregrine Falcon,3560,Falco peregrinus,Peregrine Falcon,Falco peregrinus,3560,yes
Falco rusticolus,Gyrfalcon,3540,Falco rusticolus,Gyrfalcon,Falco rusticolus,3540,yes
Falco sparverius,American Kestrel,3600,Falco sparverius,American Kestrel,Falco sparverius,3600,yes
Fratercula arctica,Atlantic Puffin,NA,Fratercula arctica,Atlantic Puffin,NA,NA,no
Fratercula cirrhata,Tufted Puffin,120,Fratercula cirrhata,Tufted Puffin,Fratercula cirrhata,120,yes
Fratercula corniculata,Horned Puffin,140,Fratercula corniculata,Horned Puffin,Fratercula corniculata,140,yes
Fregata magnificens,Magnificent Frigatebird,1280,Fregata magnificens,Magnificent Frigatebird,Fregata magnificens,1280,yes
Fulica americana,American Coot,2210,Fulica americana,American Coot,Fulica americana,2210,yes
Fulmarus glacialis,Northern Fulmar,860,Fulmarus glacialis,Northern Fulmar,Fulmarus glacialis,860,yes
Gallinago delicata,Wilson's Snipe,2300,Gallinago delicata,Wilson's Snipe,Gallinago delicata,2300,yes
Gallinula galeata,Common Gallinule,2190,Gallinula galeata,Common Gallinule,Gallinula galeata,2190,yes
Gavia adamsii,Yellow-billed Loon,80,Gavia adamsii,Yellow-billed Loon,Gavia adamsii,80,yes
Gavia arctica,Arctic Loon,90,Gavia arctica,Arctic Loon,Gavia arctica,90,yes
Gavia immer,Common Loon,70,Gavia immer,Common Loon,Gavia immer,70,yes
Gavia pacifica,Pacific Loon,100,Gavia pacifica,Pacific Loon,Gavia pacifica,100,yes
Gavia sp.,loon sp.,77,Gavia sp.,loon sp.,Gavia sp.,77,yes
Gavia stellata,Red-throated Loon,110,Gavia stellata,Red-throated Loon,Gavia stellata,110,yes
Gelochelidon nilotica,Gull-billed Tern,630,Gelochelidon nilotica,Gull-billed Tern,Gelochelidon nilotica,630,yes
Geococcyx californianus,Greater Roadrunner,3850,Geococcyx californianus,Greater Roadrunner,Geococcyx californianus,3850,yes
Geothlypis formosa,Kentucky Warbler,6770,Geothlypis formosa,Kentucky Warbler,Geothlypis formosa,6770,yes
Geothlypis philadelphia,Mourning Warbler,6790,Geothlypis philadelphia,Mourning Warbler,Geothlypis philadelphia,6790,yes
Geothlypis tolmiei,MacGillivray's Warbler,6800,Geothlypis tolmiei,MacGillivray's Warbler,Geothlypis tolmiei,6800,yes
Geothlypis trichas,Common Yellowthroat,6810,Geothlypis trichas,Common Yellowthroat,Geothlypis trichas,6810,yes
Geranoaetus albicaudatus,White-tailed Hawk,3410,Geranoaetus albicaudatus,White-tailed Hawk,Geranoaetus albicaudatus,3410,yes
Glaucidium brasilianum,Ferruginous Pygmy-Owl,3800,Glaucidium brasilianum,Ferruginous Pygmy-Owl,Glaucidium brasilianum,3800,yes
Glaucidium gnoma,Northern Pygmy-Owl,3790,Glaucidium gnoma,Northern Pygmy-Owl,Glaucidium gnoma,3790,yes
Grus americana,Whooping Crane,2040,Grus americana,Whooping Crane,Grus americana,2040,yes
Gymnogyps californianus,California Condor,3240,Gymnogyps californianus,California Condor,Gymnogyps californianus,3240,yes
Gymnorhinus cyanocephalus,Pinyon Jay,4920,Gymnorhinus cyanocephalus,Pinyon Jay,Gymnorhinus cyanocephalus,4920,yes
Haematopus bachmani,Black Oystercatcher,2870,Haematopus bachmani,Black Oystercatcher,Haematopus bachmani,2870,yes
Haematopus palliatus,American Oystercatcher,2860,Haematopus palliatus,American Oystercatcher,Haematopus palliatus,2860,yes
Haemorhous cassinii,Cassin's Finch,5180,Haemorhous cassinii,Cassin's Finch,Haemorhous cassinii,5180,yes
Haemorhous mexicanus,House Finch,5190,Haemorhous mexicanus,House Finch,Haemorhous mexicanus,5190,yes
Haemorhous purpureus,Purple Finch,5170,Haemorhous purpureus,Purple Finch,Haemorhous purpureus,5170,yes
Haemorhous sp.,Haemorhous sp.,5195,Haemorhous sp.,Haemorhous sp.,Carpodacus purpureus / cassinii / mexicanus,5195,yes
Haliaeetus leucocephalus,Bald Eagle,3520,Haliaeetus leucocephalus,Bald Eagle,Haliaeetus leucocephalus,3520,yes
Helmitheros vermivorum,Worm-eating Warbler,6390,Helmitheros vermivorum,Worm-eating Warbler,Helmitheros vermivorum,6390,yes
Himantopus mexicanus,Black-necked Stilt,2260,Himantopus mexicanus,Black-necked Stilt,Himantopus mexicanus,2260,yes
Hirundo rustica,Barn Swallow,6130,Hirundo rustica,Barn Swallow,Hirundo rustica,6130,yes
Histrionicus histrionicus,Harlequin Duck,1550,Histrionicus histrionicus,Harlequin Duck,Histrionicus histrionicus,1550,yes
Hydrobates leucorhous,Leach's Storm-Petrel,1060,Hydrobates leucorhous,Leach's Storm-Petrel,Hydrobates leucorhous,1060,yes
Hydrocoloeus minutus,Little Gull,601,Hydrocoloeus minutus,Little Gull,Hydrocoloeus minutus,601,yes
Hydroprogne caspia,Caspian Tern,640,Hydroprogne caspia,Caspian Tern,Hydroprogne caspia,640,yes
Hylocichla mustelina,Wood Thrush,7550,Hylocichla mustelina,Wood Thrush,Hylocichla mustelina,7550,yes
Icteria virens,Yellow-breasted Chat,6830,Icteria virens,Yellow-breasted Chat,Icteria virens,6830,yes
Icterus bullockii,Bullock's Oriole,5080,Icterus bullockii,Bullock's Oriole,Icterus bullockii,5080,yes
Icterus bullockii x galbula,Bullock's x Baltimore Oriole (hybrid),5078,Icterus bullockii x galbula,Bullock's x Baltimore Oriole (hybrid),Icterus bullockii x galbula,5078,yes
Icterus bullockii/galbula,Bullock's/Baltimore Oriole,5077,Icterus bullockii/galbula,Bullock's/Baltimore Oriole,Icterus bullockii / galbula,5077,yes
Icterus cucullatus,Hooded Oriole,5050,Icterus cucullatus,Hooded Oriole,Icterus cucullatus,5050,yes
Icterus galbula,Baltimore Oriole,5070,Icterus galbula,Baltimore Oriole,Icterus galbula,5070,yes
Icterus graduacauda,Audubon's Oriole,5030,Icterus graduacauda,Audubon's Oriole,Icterus graduacauda,5030,yes
Icterus gularis,Altamira Oriole,5031,Icterus gularis,Altamira Oriole,Icterus gularis,5031,yes
Icterus parisorum,Scott's Oriole,5040,Icterus parisorum,Scott's Oriole,Icterus parisorum,5040,yes
Icterus pectoralis,Spot-breasted Oriole,5032,Icterus pectoralis,Spot-breasted Oriole,Icterus pectoralis,5032,yes
Icterus spurius,Orchard Oriole,5060,Icterus spurius,Orchard Oriole,Icterus spurius,5060,yes
Ictinia mississippiensis,Mississippi Kite,3290,Ictinia mississippiensis,Mississippi Kite,Ictinia mississippiensis,3290,yes
Ixoreus naevius,Varied Thrush,7630,Ixoreus naevius,Varied Thrush,Ixoreus naevius,7630,yes
Junco hyemalis,Dark-eyed Junco,35670,Junco hyemalis,Dark-eyed Junco,Junco hyemalis,5677,yes
Junco hyemalis,Dark-eyed Junco,35670,Junco hyemalis aikeni,Dark-eyed Junco (White-winged),Junco hyemalis aikeni,5660,yes
Junco hyemalis,Dark-eyed Junco,35670,Junco hyemalis caniceps,Dark-eyed Junco (Gray-headed),Junco hyemalis caniceps,5690,yes
Junco hyemalis,Dark-eyed Junco,35670,Junco hyemalis hyemalis,NA,Junco hyemalis hyemalis,5670,yes
Junco hyemalis,Dark-eyed Junco,35670,Junco hyemalis mearnsi,Dark-eyed Junco (Pink-sided),Junco hyemalis mearnsi,5680,yes
Junco hyemalis,Dark-eyed Junco,35670,Junco hyemalis oreganus,NA,Junco hyemalis oreganus,5671,yes
Junco phaeonotus,Yellow-eyed Junco,5700,Junco phaeonotus,Yellow-eyed Junco,Junco phaeonotus,5700,yes
Lagopus lagopus,Willow Ptarmigan,3010,Lagopus lagopus,Willow Ptarmigan,Lagopus lagopus,3010,yes
Lagopus leucura,White-tailed Ptarmigan,3040,Lagopus leucura,White-tailed Ptarmigan,Lagopus leucura,3040,yes
Lagopus muta,Rock Ptarmigan,3020,Lagopus muta,Rock Ptarmigan,Lagopus muta,3020,yes
Lampornis clemenciae,Blue-throated Mountain-gem,4270,Lampornis clemenciae,Blue-throated Mountain-gem,Lampornis clemenciae,4270,yes
Lanius borealis,Northern Shrike,6210,Lanius borealis,Northern Shrike,Lanius borealis,6210,yes
Lanius ludovicianus,Loggerhead Shrike,6220,Lanius ludovicianus,Loggerhead Shrike,Lanius ludovicianus,6220,yes
Larinae sp.,gull sp.,534,Larinae sp.,gull sp.,Gull sp.,534,yes
Larus argentatus,European Herring Gull,510,Larus argentatus,European Herring Gull,Larus argentatus,510,yes
Larus brachyrhynchus,Short-billed Gull,550,Larus brachyrhynchus,Short-billed Gull,Larus brachyrhynchus,550,yes
Larus californicus,California Gull,530,Larus californicus,California Gull,Larus californicus,530,yes
Larus delawarensis,Ring-billed Gull,540,Larus delawarensis,Ring-billed Gull,Larus delawarensis,540,yes
Larus fuscus,Lesser Black-backed Gull,500,Larus fuscus,Lesser Black-backed Gull,Larus fuscus,500,yes
Larus glaucescens,Glaucous-winged Gull,440,Larus glaucescens,Glaucous-winged Gull,Larus glaucescens,440,yes
Larus glaucoides,Iceland Gull,430,Larus glaucoides,Iceland Gull,Larus glaucoides,430,yes
Larus heermanni,Heermann's Gull,570,Larus heermanni,Heermann's Gull,Larus heermanni,570,yes
Larus hyperboreus,Glaucous Gull,420,Larus hyperboreus,Glaucous Gull,Larus hyperboreus,420,yes
Larus marinus,Great Black-backed Gull,470,Larus marinus,Great Black-backed Gull,Larus marinus,470,yes
Larus occidentalis,Western Gull,490,Larus occidentalis,Western Gull,Larus occidentalis,490,yes
Larus occidentalis x glaucescens,Western x Glaucous-winged Gull (hybrid),495,Larus occidentalis x glaucescens,Western x Glaucous-winged Gull (hybrid),Larus occidentalis x glaucescens,495,yes
Larus schistisagus,Slaty-backed Gull,480,Larus schistisagus,Slaty-backed Gull,Larus schistisagus,480,yes
Laterallus jamaicensis,Black Rail,2160,Laterallus jamaicensis,Black Rail,Laterallus jamaicensis,2160,yes
Leiothlypis celata,Orange-crowned Warbler,6460,Leiothlypis celata,Orange-crowned Warbler,Leiothlypis celata,6460,yes
Leiothlypis luciae,Lucy's Warbler,6430,Leiothlypis luciae,Lucy's Warbler,Leiothlypis luciae,6430,yes
Leiothlypis peregrina,Tennessee Warbler,6470,Leiothlypis peregrina,Tennessee Warbler,Leiothlypis peregrina,6470,yes
Leiothlypis ruficapilla,Nashville Warbler,6450,Leiothlypis ruficapilla,Nashville Warbler,Leiothlypis ruficapilla,6450,yes
Leiothlypis virginiae,Virginia's Warbler,6440,Leiothlypis virginiae,Virginia's Warbler,Leiothlypis virginiae,6440,yes
Leptotila verreauxi,White-tipped Dove,3180,Leptotila verreauxi,White-tipped Dove,Leptotila verreauxi,3180,yes
Leucophaeus atricilla,Laughing Gull,580,Leucophaeus atricilla,Laughing Gull,Leucophaeus atricilla,580,yes
Leucophaeus pipixcan,Franklin's Gull,590,Leucophaeus pipixcan,Franklin's Gull,Leucophaeus pipixcan,590,yes
Leucosticte atrata,Black Rosy-Finch,5250,Leucosticte atrata,Black Rosy-Finch,Leucosticte atrata,5250,yes
Leucosticte australis,Brown-capped Rosy-Finch,5260,Leucosticte australis,Brown-capped Rosy-Finch,Leucosticte australis,5260,yes
Leucosticte tephrocotis,Gray-crowned Rosy-Finch,5240,Leucosticte tephrocotis,Gray-crowned Rosy-Finch,Leucosticte tephrocotis,5240,yes
Limnodromus griseus,Short-billed Dowitcher,2310,Limnodromus griseus,Short-billed Dowitcher,Limnodromus griseus,2310,yes
Limnodromus griseus/scolopaceus,Short-billed/Long-billed Dowitcher,2327,Limnodromus griseus/scolopaceus,Short-billed/Long-billed Dowitcher,Limnodromus griseus / scolopaceus,2327,yes
Limnodromus scolopaceus,Long-billed Dowitcher,2320,Limnodromus scolopaceus,Long-billed Dowitcher,Limnodromus scolopaceus,2320,yes
Limnothlypis swainsonii,Swainson's Warbler,6380,Limnothlypis swainsonii,Swainson's Warbler,Limnothlypis swainsonii,6380,yes
Limosa fedoa,Marbled Godwit,2490,Limosa fedoa,Marbled Godwit,Limosa fedoa,2490,yes
Limosa haemastica,Hudsonian Godwit,2510,Limosa haemastica,Hudsonian Godwit,Limosa haemastica,2510,yes
Limosa lapponica,Bar-tailed Godwit,2500,Limosa lapponica,Bar-tailed Godwit,Limosa lapponica,2500,yes
Lonchura punctulata,Scaly-breasted Munia,8110,Lonchura punctulata,Scaly-breasted Munia,Lonchura punctulata,8110,yes
Lophodytes cucullatus,Hooded Merganser,1310,Lophodytes cucullatus,Hooded Merganser,Lophodytes cucullatus,1310,yes
Loxia curvirostra,Red Crossbill,5210,Loxia curvirostra,Red Crossbill,Loxia curvirostra,5210,yes
NA,NA,5225,NA,NA,Loxia curvirostra / leucoptera,5225,yes
Loxia leucoptera,White-winged Crossbill,5220,Loxia leucoptera,White-winged Crossbill,Loxia leucoptera,5220,yes
Loxia sinesciuris,Cassia Crossbill,NA,Loxia sinesciuris,Cassia Crossbill,NA,NA,no
NA,NA,5212,NA,NA,Loxia sinesciuris / curvirostra,5212,yes
Luscinia svecica,Bluethroat,7640,Luscinia svecica,Bluethroat,Cyanecula svecica,7640,yes
Mareca americana,American Wigeon,1370,Mareca americana,American Wigeon,Mareca americana,1370,yes
Mareca penelope,Eurasian Wigeon,1360,Mareca penelope,Eurasian Wigeon,Mareca penelope,1360,yes
Mareca strepera,Gadwall,1350,Mareca strepera,Gadwall,Mareca strepera,1350,yes
Megaceryle alcyon,Belted Kingfisher,3900,Megaceryle alcyon,Belted Kingfisher,Megaceryle alcyon,3900,yes
Megaceryle torquata,Ringed Kingfisher,3901,Megaceryle torquata,Ringed Kingfisher,Megaceryle torquata,3901,yes
Megascops asio,Eastern Screech-Owl,3730,Megascops asio,Eastern Screech-Owl,Megascops asio,3730,yes
Megascops kennicottii,Western Screech-Owl,3732,Megascops kennicottii,Western Screech-Owl,Megascops kennicottii,3732,yes
Megascops trichopsis,Whiskered Screech-Owl,3731,Megascops trichopsis,Whiskered Screech-Owl,Megascops trichopsis,3731,yes
Melanerpes aurifrons,Golden-fronted Woodpecker,4100,Melanerpes aurifrons,Golden-fronted Woodpecker,Melanerpes aurifrons,4100,yes
Melanerpes carolinus,Red-bellied Woodpecker,4090,Melanerpes carolinus,Red-bellied Woodpecker,Melanerpes carolinus,4090,yes
Melanerpes erythrocephalus,Red-headed Woodpecker,4060,Melanerpes erythrocephalus,Red-headed Woodpecker,Melanerpes erythrocephalus,4060,yes
Melanerpes formicivorus,Acorn Woodpecker,4070,Melanerpes formicivorus,Acorn Woodpecker,Melanerpes formicivorus,4070,yes
Melanerpes lewis,Lewis's Woodpecker,4080,Melanerpes lewis,Lewis's Woodpecker,Melanerpes lewis,4080,yes
Melanerpes uropygialis,Gila Woodpecker,4110,Melanerpes uropygialis,Gila Woodpecker,Melanerpes uropygialis,4110,yes
Melanitta americana,Black Scoter,1630,Melanitta americana,Black Scoter,Melanitta americana,1630,yes
Melanitta deglandi,White-winged Scoter,1650,Melanitta deglandi,White-winged Scoter,Melanitta deglandi,1650,yes
Melanitta perspicillata,Surf Scoter,1660,Melanitta perspicillata,Surf Scoter,Melanitta perspicillata,1660,yes
Melanitta sp.,scoter sp.,1657,Melanitta sp.,scoter sp.,Melanitta sp.,1657,yes
Meleagris gallopavo,Wild Turkey,3100,Meleagris gallopavo,Wild Turkey,Meleagris gallopavo,3100,yes
Melopsittacus undulatus,Budgerigar,3822,Melopsittacus undulatus,Budgerigar,Melopsittacus undulatus,3822,yes
Melospiza georgiana,Swamp Sparrow,5840,Melospiza georgiana,Swamp Sparrow,Melospiza georgiana,5840,yes
Melospiza lincolnii,Lincoln's Sparrow,5830,Melospiza lincolnii,Lincoln's Sparrow,Melospiza lincolnii,5830,yes
Melospiza melodia,Song Sparrow,5810,Melospiza melodia,Song Sparrow,Melospiza melodia,5810,yes
Melozone aberti,Abert's Towhee,5920,Melozone aberti,Abert's Towhee,Melozone aberti,5920,yes
Melozone crissalis,California Towhee,5911,Melozone crissalis,California Towhee,Melozone crissalis,5911,yes
Melozone fusca,Canyon Towhee,5910,Melozone fusca,Canyon Towhee,Melozone fusca,5910,yes
Mergus merganser,Common Merganser,1290,Mergus merganser,Common Merganser,Mergus merganser,1290,yes
Mergus serrator,Red-breasted Merganser,1300,Mergus serrator,Red-breasted Merganser,Mergus serrator,1300,yes
Micrathene whitneyi,Elf Owl,3810,Micrathene whitneyi,Elf Owl,Micrathene whitneyi,3810,yes
Mimus gundlachii,Bahama Mockingbird,7031,Mimus gundlachii,Bahama Mockingbird,Mimus gundlachii,7031,yes
Mimus polyglottos,Northern Mockingbird,7030,Mimus polyglottos,Northern Mockingbird,Mimus polyglottos,7030,yes
Mniotilta varia,Black-and-white Warbler,6360,Mniotilta varia,Black-and-white Warbler,Mniotilta varia,6360,yes
Molothrus aeneus,Bronzed Cowbird,4960,Molothrus aeneus,Bronzed Cowbird,Molothrus aeneus,4960,yes
Molothrus aeneus/ater,Bronzed/Brown-headed Cowbird,4955,Molothrus aeneus/ater,Bronzed/Brown-headed Cowbird,Molothrus aeneus / ater,4955,yes
Molothrus ater,Brown-headed Cowbird,4950,Molothrus ater,Brown-headed Cowbird,Molothrus ater,4950,yes
Molothrus bonariensis,Shiny Cowbird,4961,Molothrus bonariensis,Shiny Cowbird,Molothrus bonariensis,4961,yes
Morus bassanus,Northern Gannet,1170,Morus bassanus,Northern Gannet,Morus bassanus,1170,yes
Motacilla alba,White Wagtail,6940,Motacilla alba,White Wagtail,Motacilla alba,6940,yes
Motacilla tschutschensis,Eastern Yellow Wagtail,6960,Motacilla tschutschensis,Eastern Yellow Wagtail,Motacilla tschutschensis,6960,yes
Myadestes townsendi,Townsend's Solitaire,7540,Myadestes townsendi,Townsend's Solitaire,Myadestes townsendi,7540,yes
Mycteria americana,Wood Stork,1880,Mycteria americana,Wood Stork,Mycteria americana,1880,yes
Myiarchus cinerascens,Ash-throated Flycatcher,4540,Myiarchus cinerascens,Ash-throated Flycatcher,Myiarchus cinerascens,4540,yes
Myiarchus crinitus,Great Crested Flycatcher,4520,Myiarchus crinitus,Great Crested Flycatcher,Myiarchus crinitus,4520,yes
Myiarchus tuberculifer,Dusky-capped Flycatcher,4550,Myiarchus tuberculifer,Dusky-capped Flycatcher,Myiarchus tuberculifer,4550,yes
Myiarchus tyrannulus,Brown-crested Flycatcher,4530,Myiarchus tyrannulus,Brown-crested Flycatcher,Myiarchus tyrannulus,4530,yes
Myioborus pictus,Painted Redstart,6880,Myioborus pictus,Painted Redstart,Myioborus pictus,6880,yes
Myiodynastes luteiventris,Sulphur-bellied Flycatcher,4510,Myiodynastes luteiventris,Sulphur-bellied Flycatcher,Myiodynastes luteiventris,4510,yes
Myiopsitta monachus,Monk Parakeet,3824,Myiopsitta monachus,Monk Parakeet,Myiopsitta monachus,3824,yes
Nannopterum auritum,Double-crested Cormorant,1200,Nannopterum auritum,Double-crested Cormorant,Nannopterum auritum,1200,yes
Nannopterum auritum/brasilianum,Double-crested/Neotropic Cormorant,1205,Nannopterum auritum/brasilianum,Double-crested/Neotropic Cormorant,Nannopterum brasilianum / auritum,1205,yes
NA,NA,1206,NA,NA,Nannopterum auritus / carbo,1206,yes
Nannopterum brasilianum,Neotropic Cormorant,1210,Nannopterum brasilianum,Neotropic Cormorant,Nannopterum brasilianum,1210,yes
Nucifraga columbiana,Clark's Nutcracker,4910,Nucifraga columbiana,Clark's Nutcracker,Nucifraga columbiana,4910,yes
Numenius americanus,Long-billed Curlew,2640,Numenius americanus,Long-billed Curlew,Numenius americanus,2640,yes
Numenius phaeopus,Whimbrel,2650,Numenius phaeopus,Whimbrel,Numenius phaeopus,2650,yes
Numenius tahitiensis,Bristle-thighed Curlew,2680,Numenius tahitiensis,Bristle-thighed Curlew,Numenius tahitiensis,2680,yes
Nyctanassa violacea,Yellow-crowned Night Heron,2030,Nyctanassa violacea,Yellow-crowned Night Heron,Nyctanassa violacea,2030,yes
Nycticorax nycticorax,Black-crowned Night Heron,2020,Nycticorax nycticorax,Black-crowned Night Heron,Nycticorax nycticorax,2020,yes
Nycticorax nycticorax/Nyctanassa violacea,Yellow-crowned/Black-crowned Night Heron,2035,Nycticorax nycticorax/Nyctanassa violacea,Yellow-crowned/Black-crowned Night Heron,Nycticorax / Nyctanassa nycticorax / violacea,2035,yes
Nyctidromus albicollis,Common Pauraque,4190,Nyctidromus albicollis,Common Pauraque,Nyctidromus albicollis,4190,yes
Oenanthe oenanthe,Northern Wheatear,7650,Oenanthe oenanthe,Northern Wheatear,Oenanthe oenanthe,7650,yes
Onychoprion aleuticus,Aleutian Tern,730,Onychoprion aleuticus,Aleutian Tern,Onychoprion aleuticus,730,yes
Onychoprion fuscatus,Sooty Tern,NA,Onychoprion fuscatus,Sooty Tern,NA,NA,no
Oporornis agilis,Connecticut Warbler,6780,Oporornis agilis,Connecticut Warbler,Oporornis agilis,6780,yes
Oreortyx pictus,Mountain Quail,2920,Oreortyx pictus,Mountain Quail,Oreortyx pictus,2920,yes
Oreoscoptes montanus,Sage Thrasher,7020,Oreoscoptes montanus,Sage Thrasher,Oreoscoptes montanus,7020,yes
Ortalis vetula,Plain Chachalaca,3110,Ortalis vetula,Plain Chachalaca,Ortalis vetula,3110,yes
Oxyura jamaicensis,Ruddy Duck,1670,Oxyura jamaicensis,Ruddy Duck,Oxyura jamaicensis,1670,yes
Pachyramphus aglaiae,Rose-throated Becard,4411,Pachyramphus aglaiae,Rose-throated Becard,Pachyramphus aglaiae,4411,yes
Pagophila eburnea,Ivory Gull,390,Pagophila eburnea,Ivory Gull,Pagophila eburnea,390,yes
Pandion haliaetus,Osprey,3640,Pandion haliaetus,Osprey,Pandion haliaetus,3640,yes
Parabuteo unicinctus,Harris's Hawk,3350,Parabuteo unicinctus,Harris's Hawk,Parabuteo unicinctus,3350,yes
Parkesia motacilla,Louisiana Waterthrush,6760,Parkesia motacilla,Louisiana Waterthrush,Parkesia motacilla,6760,yes
Parkesia noveboracensis,Northern Waterthrush,6750,Parkesia noveboracensis,Northern Waterthrush,Parkesia noveboracensis,6750,yes
Passer domesticus,House Sparrow,6882,Passer domesticus,House Sparrow,Passer domesticus,6882,yes
Passer montanus,Eurasian Tree Sparrow,6883,Passer montanus,Eurasian Tree Sparrow,Passer montanus,6883,yes
Passerculus sandwichensis,Savannah Sparrow,5420,Passerculus sandwichensis,Savannah Sparrow,Passerculus sandwichensis,5420,yes
Passerella iliaca,Fox Sparrow,5850,Passerella iliaca,Fox Sparrow,Passerella iliaca,5850,yes
Passerina amoena,Lazuli Bunting,5990,Passerina amoena,Lazuli Bunting,Passerina amoena,5990,yes
Passerina amoena x cyanea,Lazuli x Indigo Bunting (hybrid),5986,Passerina amoena x cyanea,Lazuli x Indigo Bunting (hybrid),Passerina amoena x cyanea,5986,yes
Passerina caerulea,Blue Grosbeak,5970,Passerina caerulea,Blue Grosbeak,Passerina caerulea,5970,yes
Passerina ciris,Painted Bunting,6010,Passerina ciris,Painted Bunting,Passerina ciris,6010,yes
Passerina cyanea,Indigo Bunting,5980,Passerina cyanea,Indigo Bunting,Passerina cyanea,5980,yes
Passerina versicolor,Varied Bunting,6000,Passerina versicolor,Varied Bunting,Passerina versicolor,6000,yes
Patagioenas fasciata,Band-tailed Pigeon,3120,Patagioenas fasciata,Band-tailed Pigeon,Patagioenas fasciata,3120,yes
Patagioenas flavirostris,Red-billed Pigeon,3130,Patagioenas flavirostris,Red-billed Pigeon,Patagioenas flavirostris,3130,yes
Patagioenas leucocephala,White-crowned Pigeon,3140,Patagioenas leucocephala,White-crowned Pigeon,Patagioenas leucocephala,3140,yes
Pavo cristatus,Indian Peafowl,3095,Pavo cristatus,Indian Peafowl,Pavo cristatus,3095,yes
Pelecanus erythrorhynchos,American White Pelican,1250,Pelecanus erythrorhynchos,American White Pelican,Pelecanus erythrorhynchos,1250,yes
Pelecanus occidentalis,Brown Pelican,1260,Pelecanus occidentalis,Brown Pelican,Pelecanus occidentalis,1260,yes
Perdix perdix,Gray Partridge,2881,Perdix perdix,Gray Partridge,Perdix perdix,2881,yes
Perisoreus canadensis,Canada Jay,4840,Perisoreus canadensis,Canada Jay,Perisoreus canadensis,4840,yes
Petrochelidon fulva,Cave Swallow,6121,Petrochelidon fulva,Cave Swallow,Petrochelidon fulva,6121,yes
Petrochelidon pyrrhonota,Cliff Swallow,6120,Petrochelidon pyrrhonota,Cliff Swallow,Petrochelidon pyrrhonota,6120,yes
Petrochelidon pyrrhonota/fulva,Cliff/Cave Swallow,6122,Petrochelidon pyrrhonota/fulva,Cliff/Cave Swallow,Petrochelidon pyrrhonota / fulva,6122,yes
Peucaea aestivalis,Bachman's Sparrow,5750,Peucaea aestivalis,Bachman's Sparrow,Peucaea aestivalis,5750,yes
Peucaea botterii,Botteri's Sparrow,5760,Peucaea botterii,Botteri's Sparrow,Peucaea botterii,5760,yes
Peucaea carpalis,Rufous-winged Sparrow,5790,Peucaea carpalis,Rufous-winged Sparrow,Peucaea carpalis,5790,yes
Peucaea cassinii,Cassin's Sparrow,5780,Peucaea cassinii,Cassin's Sparrow,Peucaea cassinii,5780,yes
Peucedramus taeniatus,Olive Warbler,6510,Peucedramus taeniatus,Olive Warbler,Peucedramus taeniatus,6510,yes
Phaethon aethereus,Red-billed Tropicbird,1130,Phaethon aethereus,Red-billed Tropicbird,Phaethon aethereus,1130,yes
Phainopepla nitens,Phainopepla,6200,Phainopepla nitens,Phainopepla,Phainopepla nitens,6200,yes
Phalacrocorax carbo,Great Cormorant,1190,Phalacrocorax carbo,Great Cormorant,Phalacrocorax carbo,1190,yes
Phalaenoptilus nuttallii,Common Poorwill,4180,Phalaenoptilus nuttallii,Common Poorwill,Phalaenoptilus nuttallii,4180,yes
Phalaropus fulicarius,Red Phalarope,2220,Phalaropus fulicarius,Red Phalarope,Phalaropus fulicarius,2220,yes
Phalaropus lobatus,Red-necked Phalarope,2230,Phalaropus lobatus,Red-necked Phalarope,Phalaropus lobatus,2230,yes
Phalaropus tricolor,Wilson's Phalarope,2240,Phalaropus tricolor,Wilson's Phalarope,Phalaropus tricolor,2240,yes
Phasianus colchicus,Ring-necked Pheasant,3091,Phasianus colchicus,Ring-necked Pheasant,Phasianus colchicus,3091,yes
Pheucticus ludovicianus,Rose-breasted Grosbeak,5950,Pheucticus ludovicianus,Rose-breasted Grosbeak,Pheucticus ludovicianus,5950,yes
Pheucticus melanocephalus,Black-headed Grosbeak,5960,Pheucticus melanocephalus,Black-headed Grosbeak,Pheucticus melanocephalus,5960,yes
Phylloscopus borealis,Arctic Warbler,7470,Phylloscopus borealis,Arctic Warbler,Phylloscopus borealis,7470,yes
Pica hudsonia,Black-billed Magpie,4750,Pica hudsonia,Black-billed Magpie,Pica hudsonia,4750,yes
Pica nuttalli,Yellow-billed Magpie,4760,Pica nuttalli,Yellow-billed Magpie,Pica nuttalli,4760,yes
Picidae sp.,woodpecker sp.,3920,Picidae sp.,woodpecker sp.,Woodpecker sp.,3920,yes
Picoides arcticus,Black-backed Woodpecker,4000,Picoides arcticus,Black-backed Woodpecker,Picoides arcticus,4000,yes
Picoides dorsalis,American Three-toed Woodpecker,4010,Picoides dorsalis,American Three-toed Woodpecker,Picoides dorsalis,4010,yes
Pinicola enucleator,Pine Grosbeak,5150,Pinicola enucleator,Pine Grosbeak,Pinicola enucleator,5150,yes
Pipilo chlorurus,Green-tailed Towhee,5900,Pipilo chlorurus,Green-tailed Towhee,Pipilo chlorurus,5900,yes
Pipilo erythrophthalmus,Eastern Towhee,5870,Pipilo erythrophthalmus,Eastern Towhee,Pipilo erythrophthalmus,5870,yes
Pipilo maculatus,Spotted Towhee,5880,Pipilo maculatus,Spotted Towhee,Pipilo maculatus,5880,yes
Pipilo maculatus/erythrophthalmus,Spotted/Eastern Towhee (Rufous-sided Towhee),5871,Pipilo maculatus/erythrophthalmus,Spotted/Eastern Towhee (Rufous-sided Towhee),Pipilo maculatus / erythrophthalmus,5871,yes
Piranga flava,Hepatic Tanager,6090,Piranga flava,Hepatic Tanager,Piranga flava,6090,yes
Piranga ludoviciana,Western Tanager,6070,Piranga ludoviciana,Western Tanager,Piranga ludoviciana,6070,yes
Piranga olivacea,Scarlet Tanager,6080,Piranga olivacea,Scarlet Tanager,Piranga olivacea,6080,yes
Piranga rubra,Summer Tanager,6100,Piranga rubra,Summer Tanager,Piranga rubra,6100,yes
Pitangus sulphuratus,Great Kiskadee,4490,Pitangus sulphuratus,Great Kiskadee,Pitangus sulphuratus,4490,yes
Platalea ajaja,Roseate Spoonbill,1830,Platalea ajaja,Roseate Spoonbill,Platalea ajaja,1830,yes
Plectrophenax hyperboreus,McKay's Bunting,NA,Plectrophenax hyperboreus,McKay's Bunting,NA,NA,no
Plectrophenax nivalis,Snow Bunting,5340,Plectrophenax nivalis,Snow Bunting,Plectrophenax nivalis,5340,yes
Plegadis chihi,White-faced Ibis,1870,Plegadis chihi,White-faced Ibis,Plegadis chihi,1870,yes
Plegadis falcinellus,Glossy Ibis,1860,Plegadis falcinellus,Glossy Ibis,Plegadis falcinellus,1860,yes
Plegadis falcinellus/chihi,Glossy/White-faced Ibis,1861,Plegadis falcinellus/chihi,Glossy/White-faced Ibis,Plegadis falcinellus / chihi,1861,yes
Pluvialis dominica,American Golden-Plover,2720,Pluvialis dominica,American Golden-Plover,Pluvialis dominica,2720,yes
Pluvialis fulva,Pacific Golden-Plover,2721,Pluvialis fulva,Pacific Golden-Plover,Pluvialis fulva,2721,yes
Pluvialis squatarola,Black-bellied Plover,2700,Pluvialis squatarola,Black-bellied Plover,Pluvialis squatarola,2700,yes
Podiceps auritus,Horned Grebe,30,Podiceps auritus,Horned Grebe,Podiceps auritus,30,yes
Podiceps grisegena,Red-necked Grebe,20,Podiceps grisegena,Red-necked Grebe,Podiceps grisegena,20,yes
Podiceps nigricollis,Eared Grebe,40,Podiceps nigricollis,Eared Grebe,Podiceps nigricollis,40,yes
Podilymbus podiceps,Pied-billed Grebe,60,Podilymbus podiceps,Pied-billed Grebe,Podilymbus podiceps,60,yes
Poecile atricapillus,Black-capped Chickadee,7350,Poecile atricapillus,Black-capped Chickadee,Poecile atricapillus,7350,yes
Poecile atricapillus/gambeli,Black-capped/Mountain Chickadee,7353,Poecile atricapillus/gambeli,Black-capped/Mountain Chickadee,Poecile atricapillus / gambeli,7353,yes
NA,NA,7354,NA,NA,Poecile atricapillus / hudsonicus,7354,yes
Poecile carolinensis,Carolina Chickadee,7360,Poecile carolinensis,Carolina Chickadee,Poecile carolinensis,7360,yes
Poecile carolinensis/atricapillus,Carolina/Black-capped Chickadee,7352,Poecile carolinensis/atricapillus,Carolina/Black-capped Chickadee,Poecile carolinensis / atricapillus,7352,yes
Poecile cinctus,Gray-headed Chickadee,NA,Poecile cinctus,Gray-headed Chickadee,NA,NA,no
Poecile gambeli,Mountain Chickadee,7380,Poecile gambeli,Mountain Chickadee,Poecile gambeli,7380,yes
Poecile hudsonicus,Boreal Chickadee,7400,Poecile hudsonicus,Boreal Chickadee,Poecile hudsonicus,7400,yes
Poecile rufescens,Chestnut-backed Chickadee,7410,Poecile rufescens,Chestnut-backed Chickadee,Poecile rufescens,7410,yes
Poecile sclateri,Mexican Chickadee,7370,Poecile sclateri,Mexican Chickadee,Poecile sclateri,7370,yes
Poecile sp.,chickadee sp.,7351,Poecile sp.,chickadee sp.,Poecile sp.,7351,yes
Polioptila caerulea,Blue-gray Gnatcatcher,7510,Polioptila caerulea,Blue-gray Gnatcatcher,Polioptila caerulea,7510,yes
NA,NA,7539,NA,NA,Polioptila caerulea / melanura,7539,yes
Polioptila californica,California Gnatcatcher,7530,Polioptila californica,California Gnatcatcher,Polioptila californica,7530,yes
Polioptila melanura,Black-tailed Gnatcatcher,7520,Polioptila melanura,Black-tailed Gnatcatcher,Polioptila melanura,7520,yes
Polysticta stelleri,Steller's Eider,1570,Polysticta stelleri,Steller's Eider,Polysticta stelleri,1570,yes
Pooecetes gramineus,Vesper Sparrow,5400,Pooecetes gramineus,Vesper Sparrow,Pooecetes gramineus,5400,yes
Porphyrio martinica,Purple Gallinule,2180,Porphyrio martinica,Purple Gallinule,Porphyrio martinicus,2180,yes
Porphyrio porphyrio,Western Swamphen,21930,Porphyrio porphyrio,Western Swamphen,Porphyrio porphyrio,21930,yes
Porzana carolina,Sora,2140,Porzana carolina,Sora,Porzana carolina,2140,yes
Progne subis,Purple Martin,6110,Progne subis,Purple Martin,Progne subis,6110,yes
Protonotaria citrea,Prothonotary Warbler,6370,Protonotaria citrea,Prothonotary Warbler,Protonotaria citrea,6370,yes
Psaltriparus minimus,Bushtit,7430,Psaltriparus minimus,Bushtit,Psaltriparus minimus,7430,yes
Psiloscops flammeolus,Flammulated Owl,3740,Psiloscops flammeolus,Flammulated Owl,Psiloscops flammeolus,3740,yes
Psittacara holochlorus,Green Parakeet,NA,Psittacara holochlorus,Green Parakeet,NA,NA,no
Psittacula krameri,Rose-ringed Parakeet,3823,Psittacula krameri,Rose-ringed Parakeet,Psittacula krameri,3823,yes
Ptychoramphus aleuticus,Cassin's Auklet,160,Ptychoramphus aleuticus,Cassin's Auklet,Ptychoramphus aleuticus,160,yes
Puffinus opisthomelas,Black-vented Shearwater,NA,Puffinus opisthomelas,Black-vented Shearwater,NA,NA,no
Puffinus puffinus,Manx Shearwater,900,Puffinus puffinus,Manx Shearwater,Puffinus puffinus,900,yes
Pyrocephalus rubinus,Vermilion Flycatcher,4710,Pyrocephalus rubinus,Vermilion Flycatcher,Pyrocephalus rubinus,4710,yes
Quiscalus major,Boat-tailed Grackle,5130,Quiscalus major,Boat-tailed Grackle,Quiscalus major,5130,yes
Quiscalus major/mexicanus,Boat-tailed/Great-tailed Grackle,5135,Quiscalus major/mexicanus,Boat-tailed/Great-tailed Grackle,Quiscalus major / mexicanus,5135,yes
Quiscalus mexicanus,Great-tailed Grackle,5120,Quiscalus mexicanus,Great-tailed Grackle,Quiscalus mexicanus,5120,yes
Quiscalus quiscula,Common Grackle,5110,Quiscalus quiscula,Common Grackle,Quiscalus quiscula,5110,yes
Rallus crepitans,Clapper Rail,2110,Rallus crepitans,Clapper Rail,Rallus crepitans,2110,yes
Rallus elegans,King Rail,2080,Rallus elegans,King Rail,Rallus elegans,2080,yes
Rallus elegans/crepitans,King/Clapper Rail,2090,Rallus elegans/crepitans,King/Clapper Rail,Rallus crepitans / elegans,2090,yes
Rallus limicola,Virginia Rail,2120,Rallus limicola,Virginia Rail,Rallus limicola,2120,yes
Rallus obsoletus,Ridgway's Rail,2111,Rallus obsoletus,Ridgway's Rail,Rallus obsoletus,2111,yes
Ramosomyia violiceps,Violet-crowned Hummingbird,4391,Ramosomyia violiceps,Violet-crowned Hummingbird,Ramosomyia violiceps,4391,yes
Recurvirostra americana,American Avocet,2250,Recurvirostra americana,American Avocet,Recurvirostra americana,2250,yes
Regulus satrapa,Golden-crowned Kinglet,7480,Regulus satrapa,Golden-crowned Kinglet,Regulus satrapa,7480,yes
Rhodostethia rosea,Ross's Gull,610,Rhodostethia rosea,Ross's Gull,Rhodostethia rosea,610,yes
Rhynchophanes mccownii,Thick-billed Longspur,5390,Rhynchophanes mccownii,Thick-billed Longspur,Rhynchophanes mccownii,5390,yes
Riparia riparia,Bank Swallow,6160,Riparia riparia,Bank Swallow,Riparia riparia,6160,yes
Rissa brevirostris,Red-legged Kittiwake,NA,Rissa brevirostris,Red-legged Kittiwake,NA,NA,no
Rissa tridactyla,Black-legged Kittiwake,400,Rissa tridactyla,Black-legged Kittiwake,Rissa tridactyla,400,yes
Rostrhamus sociabilis,Snail Kite,3300,Rostrhamus sociabilis,Snail Kite,Rostrhamus sociabilis,3300,yes
Rynchops niger,Black Skimmer,800,Rynchops niger,Black Skimmer,Rynchops niger,800,yes
Salpinctes obsoletus,Rock Wren,7150,Salpinctes obsoletus,Rock Wren,Salpinctes obsoletus,7150,yes
Sayornis nigricans,Black Phoebe,4580,Sayornis nigricans,Black Phoebe,Sayornis nigricans,4580,yes
Sayornis phoebe,Eastern Phoebe,4560,Sayornis phoebe,Eastern Phoebe,Sayornis phoebe,4560,yes
Sayornis saya,Say's Phoebe,4570,Sayornis saya,Say's Phoebe,Sayornis saya,4570,yes
Scolopax minor,American Woodcock,2280,Scolopax minor,American Woodcock,Scolopax minor,2280,yes
Seiurus aurocapilla,Ovenbird,6740,Seiurus aurocapilla,Ovenbird,Seiurus aurocapilla,6740,yes
Selasphorus calliope,Calliope Hummingbird,4360,Selasphorus calliope,Calliope Hummingbird,Selasphorus calliope,4360,yes
Selasphorus platycercus,Broad-tailed Hummingbird,4320,Selasphorus platycercus,Broad-tailed Hummingbird,Selasphorus platycercus,4320,yes
Selasphorus rufus,Rufous Hummingbird,4330,Selasphorus rufus,Rufous Hummingbird,Selasphorus rufus,4330,yes
Selasphorus rufus/sasin,Rufous/Allen's Hummingbird,4335,Selasphorus rufus/sasin,Rufous/Allen's Hummingbird,Selasphorus rufus / sasin,4335,yes
Selasphorus sasin,Allen's Hummingbird,4340,Selasphorus sasin,Allen's Hummingbird,Selasphorus sasin,4340,yes
Setophaga americana,Northern Parula,6480,Setophaga americana,Northern Parula,Setophaga americana,6480,yes
Setophaga caerulescens,Black-throated Blue Warbler,6540,Setophaga caerulescens,Black-throated Blue Warbler,Setophaga caerulescens,6540,yes
Setophaga castanea,Bay-breasted Warbler,6600,Setophaga castanea,Bay-breasted Warbler,Setophaga castanea,6600,yes
Setophaga cerulea,Cerulean Warbler,6580,Setophaga cerulea,Cerulean Warbler,Setophaga cerulea,6580,yes
Setophaga chrysoparia,Golden-cheeked Warbler,6660,Setophaga chrysoparia,Golden-cheeked Warbler,Setophaga chrysoparia,6660,yes
Setophaga citrina,Hooded Warbler,6840,Setophaga citrina,Hooded Warbler,Setophaga citrina,6840,yes
Setophaga coronata,Yellow-rumped Warbler,36550,Setophaga coronata,Yellow-rumped Warbler,Setophaga coronata,6556,yes
Setophaga coronata,Yellow-rumped Warbler,36550,Setophaga coronata auduboni,Yellow-rumped Warbler (Audubon's),Setophaga coronata audoboni,6560,yes
Setophaga coronata,Yellow-rumped Warbler,36550,Setophaga coronata coronata,Yellow-rumped Warbler (Myrtle),Setophaga coronata coronata,6550,yes
Setophaga discolor,Prairie Warbler,6730,Setophaga discolor,Prairie Warbler,Setophaga discolor,6730,yes
Setophaga dominica,Yellow-throated Warbler,6630,Setophaga dominica,Yellow-throated Warbler,Setophaga dominica,6630,yes
Setophaga fusca,Blackburnian Warbler,6620,Setophaga fusca,Blackburnian Warbler,Setophaga fusca,6620,yes
Setophaga graciae,Grace's Warbler,6640,Setophaga graciae,Grace's Warbler,Setophaga graciae,6640,yes
Setophaga kirtlandii,Kirtland's Warbler,6700,Setophaga kirtlandii,Kirtland's Warbler,Setophaga kirtlandii,6700,yes
Setophaga magnolia,Magnolia Warbler,6570,Setophaga magnolia,Magnolia Warbler,Setophaga magnolia,6570,yes
Setophaga nigrescens,Black-throated Gray Warbler,6650,Setophaga nigrescens,Black-throated Gray Warbler,Setophaga nigrescens,6650,yes
Setophaga occidentalis,Hermit Warbler,6690,Setophaga occidentalis,Hermit Warbler,Setophaga occidentalis,6690,yes
Setophaga palmarum,Palm Warbler,6720,Setophaga palmarum,Palm Warbler,Setophaga palmarum,6720,yes
Setophaga pensylvanica,Chestnut-sided Warbler,6590,Setophaga pensylvanica,Chestnut-sided Warbler,Setophaga pensylvanica,6590,yes
Setophaga petechia,Yellow Warbler,6520,Setophaga petechia,Yellow Warbler,Setophaga petechia,6520,yes
Setophaga pinus,Pine Warbler,6710,Setophaga pinus,Pine Warbler,Setophaga pinus,6710,yes
Setophaga pitiayumi,Tropical Parula,6490,Setophaga pitiayumi,Tropical Parula,Setophaga pitiayumi,6490,yes
Setophaga ruticilla,American Redstart,6870,Setophaga ruticilla,American Redstart,Setophaga ruticilla,6870,yes
Setophaga striata,Blackpoll Warbler,6610,Setophaga striata,Blackpoll Warbler,Setophaga striata,6610,yes
Setophaga tigrina,Cape May Warbler,6500,Setophaga tigrina,Cape May Warbler,Setophaga tigrina,6500,yes
Setophaga townsendi,Townsend's Warbler,6680,Setophaga townsendi,Townsend's Warbler,Setophaga townsendi,6680,yes
Setophaga townsendi x occidentalis,Townsend's x Hermit Warbler (hybrid),6686,Setophaga townsendi x occidentalis,Townsend's x Hermit Warbler (hybrid),Setophaga townsendi x occidentalis,6686,yes
Setophaga townsendi/occidentalis,Townsend's/Hermit Warbler,6685,Setophaga townsendi/occidentalis,Townsend's/Hermit Warbler,Setophaga townsendi / occidentalis,6685,yes
Setophaga virens,Black-throated Green Warbler,6670,Setophaga virens,Black-throated Green Warbler,Setophaga virens,6670,yes
Sialia currucoides,Mountain Bluebird,7680,Sialia currucoides,Mountain Bluebird,Sialia currucoides,7680,yes
Sialia mexicana,Western Bluebird,7670,Sialia mexicana,Western Bluebird,Sialia mexicana,7670,yes
Sialia sialis,Eastern Bluebird,7660,Sialia sialis,Eastern Bluebird,Sialia sialis,7660,yes
Sitta canadensis,Red-breasted Nuthatch,7280,Sitta canadensis,Red-breasted Nuthatch,Sitta canadensis,7280,yes
Sitta carolinensis,White-breasted Nuthatch,7270,Sitta carolinensis,White-breasted Nuthatch,Sitta carolinensis,7270,yes
Sitta pusilla,Brown-headed Nuthatch,7290,Sitta pusilla,Brown-headed Nuthatch,Sitta pusilla,7290,yes
Sitta pygmaea,Pygmy Nuthatch,7300,Sitta pygmaea,Pygmy Nuthatch,Sitta pygmaea,7300,yes
Somateria fischeri,Spectacled Eider,1580,Somateria fischeri,Spectacled Eider,Somateria fischeri,1580,yes
Somateria mollissima,Common Eider,1590,Somateria mollissima,Common Eider,Somateria mollissima,1590,yes
Somateria spectabilis,King Eider,1620,Somateria spectabilis,King Eider,Somateria spectabilis,1620,yes
Spatula clypeata,Northern Shoveler,1420,Spatula clypeata,Northern Shoveler,Spatula clypeata,1420,yes
Spatula cyanoptera,Cinnamon Teal,1410,Spatula cyanoptera,Cinnamon Teal,Spatula cyanoptera,1410,yes
Spatula discors,Blue-winged Teal,1400,Spatula discors,Blue-winged Teal,Spatula discors,1400,yes
Sphyrapicus nuchalis,Red-naped Sapsucker,4021,Sphyrapicus nuchalis,Red-naped Sapsucker,Sphyrapicus nuchalis,4021,yes
Sphyrapicus ruber,Red-breasted Sapsucker,4030,Sphyrapicus ruber,Red-breasted Sapsucker,Sphyrapicus ruber,4030,yes
Sphyrapicus sp.,sapsucker sp.,4022,Sphyrapicus sp.,sapsucker sp.,Sphyrapicus sp.,4022,yes
Sphyrapicus thyroideus,Williamson's Sapsucker,4040,Sphyrapicus thyroideus,Williamson's Sapsucker,Sphyrapicus thyroideus,4040,yes
Sphyrapicus varius,Yellow-bellied Sapsucker,4020,Sphyrapicus varius,Yellow-bellied Sapsucker,Sphyrapicus varius,4020,yes
Spilopelia chinensis,Spotted Dove,3151,Spilopelia chinensis,Spotted Dove,Streptopelia chinensis,3151,yes
Spinus lawrencei,Lawrence's Goldfinch,5310,Spinus lawrencei,Lawrence's Goldfinch,Spinus lawrencei,5310,yes
Spinus pinus,Pine Siskin,5330,Spinus pinus,Pine Siskin,Spinus pinus,5330,yes
Spinus psaltria,Lesser Goldfinch,5300,Spinus psaltria,Lesser Goldfinch,Spinus psaltria,5300,yes
Spinus tristis,American Goldfinch,5290,Spinus tristis,American Goldfinch,Spinus tristis,5290,yes
Spiza americana,Dickcissel,6040,Spiza americana,Dickcissel,Spiza americana,6040,yes
Spizella atrogularis,Black-chinned Sparrow,5650,Spizella atrogularis,Black-chinned Sparrow,Spizella atrogularis,5650,yes
Spizella breweri,Brewer's Sparrow,5620,Spizella breweri,Brewer's Sparrow,Spizella breweri,5620,yes
Spizella pallida,Clay-colored Sparrow,5610,Spizella pallida,Clay-colored Sparrow,Spizella pallida,5610,yes
Spizella passerina,Chipping Sparrow,5600,Spizella passerina,Chipping Sparrow,Spizella passerina,5600,yes
Spizella pusilla,Field Sparrow,5630,Spizella pusilla,Field Sparrow,Spizella pusilla,5630,yes
Spizelloides arborea,American Tree Sparrow,5590,Spizelloides arborea,American Tree Sparrow,Spizelloides arborea,5590,yes
Stelgidopteryx serripennis,Northern Rough-winged Swallow,6170,Stelgidopteryx serripennis,Northern Rough-winged Swallow,Stelgidopteryx serripennis,6170,yes
Stercorarius longicaudus,Long-tailed Jaeger,380,Stercorarius longicaudus,Long-tailed Jaeger,Stercorarius longicaudus,380,yes
Stercorarius parasiticus,Parasitic Jaeger,370,Stercorarius parasiticus,Parasitic Jaeger,Stercorarius parasiticus,370,yes
Stercorarius pomarinus,Pomarine Jaeger,360,Stercorarius pomarinus,Pomarine Jaeger,Stercorarius pomarinus,360,yes
Sterna dougallii,Roseate Tern,720,Sterna dougallii,Roseate Tern,Sterna dougallii,720,yes
Sterna forsteri,Forster's Tern,690,Sterna forsteri,Forster's Tern,Sterna forsteri,690,yes
Sterna hirundo,Common Tern,700,Sterna hirundo,Common Tern,Sterna hirundo,700,yes
Sterna paradisaea,Arctic Tern,710,Sterna paradisaea,Arctic Tern,Sterna paradisaea,710,yes
Sterninae sp.,tern sp.,634,Sterninae sp.,tern sp.,Tern sp.,634,yes
Sternula antillarum,Least Tern,740,Sternula antillarum,Least Tern,Sternula antillarum,740,yes
Streptopelia decaocto,Eurasian Collared-Dove,22860,Streptopelia decaocto,Eurasian Collared-Dove,Streptopelia decaocto,22860,yes
Streptopelia roseogrisea,African Collared-Dove,3152,Streptopelia roseogrisea,African Collared-Dove,Streptopelia roseogrisea,3152,yes
Strix nebulosa,Great Gray Owl,3700,Strix nebulosa,Great Gray Owl,Strix nebulosa,3700,yes
Strix occidentalis,Spotted Owl,3690,Strix occidentalis,Spotted Owl,Strix occidentalis,3690,yes
Strix varia,Barred Owl,3680,Strix varia,Barred Owl,Strix varia,3680,yes
Sturnella lilianae,Chihuahuan Meadowlark,5009,Sturnella lilianae,Chihuahuan Meadowlark,Sturnella lilianae,5009,yes
Sturnella magna,Eastern Meadowlark,5010,Sturnella magna,Eastern Meadowlark,Sturnella magna,5010,yes
Sturnella neglecta,Western Meadowlark,5011,Sturnella neglecta,Western Meadowlark,Sturnella neglecta,5011,yes
Sturnella sp.,Sturnella meadowlark sp.,5012,Sturnella sp.,Sturnella meadowlark sp.,Sturnella sp.,5012,yes
Sturnus vulgaris,European Starling,4930,Sturnus vulgaris,European Starling,Sturnus vulgaris,4930,yes
Sula dactylatra,Masked Booby,1140,Sula dactylatra,Masked Booby,Sula dactylatra,1140,yes
Sula leucogaster,Brown Booby,1150,Sula leucogaster,Brown Booby,Sula leucogaster,1150,yes
Sula nebouxii,Blue-footed Booby,1141,Sula nebouxii,Blue-footed Booby,Sula nebouxii,1141,yes
Surnia ulula,Northern Hawk Owl,3770,Surnia ulula,Northern Hawk Owl,Surnia ulula,3770,yes
Synthliboramphus antiquus,Ancient Murrelet,210,Synthliboramphus antiquus,Ancient Murrelet,Synthliboramphus antiquus,210,yes
Synthliboramphus craveri,Craveri's Murrelet,NA,Synthliboramphus craveri,Craveri's Murrelet,NA,NA,no
Synthliboramphus hypoleucus,Guadalupe Murrelet,NA,Synthliboramphus hypoleucus,Guadalupe Murrelet,NA,NA,no
Synthliboramphus scrippsi,Scripps's Murrelet,NA,Synthliboramphus scrippsi,Scripps's Murrelet,NA,NA,no
Tachybaptus dominicus,Least Grebe,50,Tachybaptus dominicus,Least Grebe,Tachybaptus dominicus,50,yes
Tachycineta bicolor,Tree Swallow,6140,Tachycineta bicolor,Tree Swallow,Tachycineta bicolor,6140,yes
Tachycineta thalassina,Violet-green Swallow,6150,Tachycineta thalassina,Violet-green Swallow,Tachycineta thalassina,6150,yes
Thalasseus elegans,Elegant Tern,660,Thalasseus elegans,Elegant Tern,Thalasseus elegans,660,yes
Thalasseus maximus,Royal Tern,650,Thalasseus maximus,Royal Tern,Thalasseus maximus,650,yes
Thalasseus sandvicensis,Sandwich Tern,670,Thalasseus sandvicensis,Sandwich Tern,Thalasseus sandvicensis,670,yes
Thryomanes bewickii,Bewick's Wren,7190,Thryomanes bewickii,Bewick's Wren,Thryomanes bewickii,7190,yes
Thryophilus sinaloa,Sinaloa Wren,16600,Thryophilus sinaloa,Sinaloa Wren,Thryophilus sinaloa,16600,yes
Thryothorus ludovicianus,Carolina Wren,7180,Thryothorus ludovicianus,Carolina Wren,Thryothorus ludovicianus,7180,yes
Toxostoma bendirei,Bendire's Thrasher,7080,Toxostoma bendirei,Bendire's Thrasher,Toxostoma bendirei,7080,yes
Toxostoma crissale,Crissal Thrasher,7120,Toxostoma crissale,Crissal Thrasher,Toxostoma crissale,7120,yes
Toxostoma curvirostre,Curve-billed Thrasher,7070,Toxostoma curvirostre,Curve-billed Thrasher,Toxostoma curvirostre,7070,yes
Toxostoma lecontei,LeConte's Thrasher,7110,Toxostoma lecontei,LeConte's Thrasher,Toxostoma lecontei,7110,yes
Toxostoma longirostre,Long-billed Thrasher,7060,Toxostoma longirostre,Long-billed Thrasher,Toxostoma longirostre,7060,yes
Toxostoma redivivum,California Thrasher,7100,Toxostoma redivivum,California Thrasher,Toxostoma redivivum,7100,yes
Toxostoma rufum,Brown Thrasher,7050,Toxostoma rufum,Brown Thrasher,Toxostoma rufum,7050,yes
Tringa flavipes,Lesser Yellowlegs,2550,Tringa flavipes,Lesser Yellowlegs,Tringa flavipes,2550,yes
Tringa flavipes/melanoleuca,Lesser/Greater Yellowlegs,2555,Tringa flavipes/melanoleuca,Lesser/Greater Yellowlegs,Tringa melanoleuca / flavipes,2555,yes
Tringa incana,Wandering Tattler,2590,Tringa incana,Wandering Tattler,Tringa incana,2590,yes
Tringa melanoleuca,Greater Yellowlegs,2540,Tringa melanoleuca,Greater Yellowlegs,Tringa melanoleuca,2540,yes
Tringa nebularia,Common Greenshank,2530,Tringa nebularia,Common Greenshank,Tringa nebularia,2530,yes
Tringa semipalmata,Willet,2580,Tringa semipalmata,Willet,Tringa semipalmata,2580,yes
Tringa solitaria,Solitary Sandpiper,2560,Tringa solitaria,Solitary Sandpiper,Tringa solitaria,2560,yes
Trochilidae sp.,hummingbird sp.,4402,Trochilidae sp.,hummingbird sp.,Trochilid sp.,4402,yes
Troglodytes aedon,Northern House Wren,7210,Troglodytes aedon,Northern House Wren,Troglodytes aedon,7210,yes
Troglodytes hiemalis,Winter Wren,7222,Troglodytes hiemalis,Winter Wren,Troglodytes hiemalis,7222,yes
Troglodytes pacificus,Pacific Wren,7221,Troglodytes pacificus,Pacific Wren,Troglodytes pacificus,7221,yes
Troglodytes pacificus/hiemalis,Pacific/Winter Wren,7220,Troglodytes pacificus/hiemalis,Pacific/Winter Wren,Troglodytes pacificus / hiemalis,7220,yes
Trogon elegans,Elegant Trogon,3890,Trogon elegans,Elegant Trogon,Trogon elegans,3890,yes
Turdus eunomus,Dusky Thrush,7614,Turdus eunomus,Dusky Thrush,Turdus eunomus,7614,yes
Turdus grayi,Clay-colored Thrush,7621,Turdus grayi,Clay-colored Thrush,Turdus grayi,7621,yes
Turdus migratorius,American Robin,7610,Turdus migratorius,American Robin,Turdus migratorius,7610,yes
Tympanuchus cupido,Greater Prairie-Chicken,3050,Tympanuchus cupido,Greater Prairie-Chicken,Tympanuchus cupido,3050,yes
Tympanuchus pallidicinctus,Lesser Prairie-Chicken,3070,Tympanuchus pallidicinctus,Lesser Prairie-Chicken,Tympanuchus pallidicinctus,3070,yes
Tympanuchus phasianellus,Sharp-tailed Grouse,3080,Tympanuchus phasianellus,Sharp-tailed Grouse,Tympanuchus phasianellus,3080,yes
Tyrannus couchii,Couch's Kingbird,4461,Tyrannus couchii,Couch's Kingbird,Tyrannus couchii,4461,yes
Tyrannus crassirostris,Thick-billed Kingbird,4451,Tyrannus crassirostris,Thick-billed Kingbird,Tyrannus crassirostris,4451,yes
Tyrannus dominicensis,Gray Kingbird,4450,Tyrannus dominicensis,Gray Kingbird,Tyrannus dominicensis,4450,yes
Tyrannus forficatus,Scissor-tailed Flycatcher,4430,Tyrannus forficatus,Scissor-tailed Flycatcher,Tyrannus forficatus,4430,yes
Tyrannus melancholicus,Tropical Kingbird,4460,Tyrannus melancholicus,Tropical Kingbird,Tyrannus melancholicus,4460,yes
Tyrannus melancholicus/couchii,Tropical/Couch's Kingbird,4462,Tyrannus melancholicus/couchii,Tropical/Couch's Kingbird,Tyrannus melancholicus / couchii,4462,yes
Tyrannus savana,Fork-tailed Flycatcher,4420,Tyrannus savana,Fork-tailed Flycatcher,Tyrannus savana,4420,yes
Tyrannus tyrannus,Eastern Kingbird,4440,Tyrannus tyrannus,Eastern Kingbird,Tyrannus tyrannus,4440,yes
Tyrannus verticalis,Western Kingbird,4470,Tyrannus verticalis,Western Kingbird,Tyrannus verticalis,4470,yes
Tyrannus vociferans,Cassin's Kingbird,4480,Tyrannus vociferans,Cassin's Kingbird,Tyrannus vociferans,4480,yes
Tyrannus vociferans/verticalis,Cassin's/Western Kingbird,4447,Tyrannus vociferans/verticalis,Cassin's/Western Kingbird,Tyrannus vociferans / verticalis,4447,yes
Tyto alba,Western Barn Owl,3650,Tyto alba,Western Barn Owl,Tyto alba,3650,yes
Uria aalge,Common Murre,300,Uria aalge,Common Murre,Uria aalge,300,yes
Uria lomvia,Thick-billed Murre,310,Uria lomvia,Thick-billed Murre,Uria lomvia,310,yes
Uria lomvia/aalge,Thick-billed/Common Murre,315,Uria lomvia/aalge,Thick-billed/Common Murre,Uria aalge / lomvia,315,yes
Urile pelagicus,Pelagic Cormorant,1230,Urile pelagicus,Pelagic Cormorant,Urile pelagicus,1230,yes
Urile penicillatus,Brandt's Cormorant,1220,Urile penicillatus,Brandt's Cormorant,Urile penicillatus,1220,yes
NA,NA,1207,NA,NA,Urile sp.,1207,yes
Urile urile,Red-faced Cormorant,NA,Urile urile,Red-faced Cormorant,NA,NA,no
Vermivora bachmanii,Bachman's Warbler,NA,Vermivora bachmanii,Bachman's Warbler,NA,NA,no
Vermivora chrysoptera,Golden-winged Warbler,6420,Vermivora chrysoptera,Golden-winged Warbler,Vermivora chrysoptera,6420,yes
Vermivora chrysoptera x cyanoptera,Golden-winged x Blue-winged Warbler (hybrid),6413,Vermivora chrysoptera x cyanoptera,Golden-winged x Blue-winged Warbler (hybrid),Vermivora chrysoptera x cyanoptera,6413,yes
Vermivora chrysoptera x cyanoptera (F1 hybrid),Brewster's Warbler (hybrid),6412,Vermivora chrysoptera x cyanoptera (F1 hybrid),Brewster's Warbler (hybrid),Vermivora cyanoptera x chrysoptera,6412,yes
Vermivora cyanoptera,Blue-winged Warbler,6410,Vermivora cyanoptera,Blue-winged Warbler,Vermivora cyanoptera,6410,yes
Vidua macroura,Pin-tailed Whydah,19510,Vidua macroura,Pin-tailed Whydah,Vidua macroura,19510,yes
Vireo altiloquus,Black-whiskered Vireo,6230,Vireo altiloquus,Black-whiskered Vireo,Vireo altiloquus,6230,yes
Vireo atricapilla,Black-capped Vireo,6300,Vireo atricapilla,Black-capped Vireo,Vireo atricapilla,6300,yes
Vireo bellii,Bell's Vireo,6330,Vireo bellii,Bell's Vireo,Vireo bellii,6330,yes
Vireo cassinii,Cassin's Vireo,6291,Vireo cassinii,Cassin's Vireo,Vireo cassinii,6291,yes
Vireo cassinii/plumbeus,Cassin's/Plumbeous Vireo,6296,Vireo cassinii/plumbeus,Cassin's/Plumbeous Vireo,Vireo plumbeus / cassinii,6296,yes
Vireo cassinii/solitarius,Cassin's/Blue-headed Vireo,6295,Vireo cassinii/solitarius,Cassin's/Blue-headed Vireo,Vireo cassinii / solitarius,6295,yes
Vireo flavifrons,Yellow-throated Vireo,6280,Vireo flavifrons,Yellow-throated Vireo,Vireo flavifrons,6280,yes
Vireo flavoviridis,Yellow-green Vireo,NA,Vireo flavoviridis,Yellow-green Vireo,NA,NA,no
Vireo gilvus,Warbling Vireo,6270,Vireo gilvus,Warbling Vireo,Vireo gilvus,6270,yes
Vireo griseus,White-eyed Vireo,6310,Vireo griseus,White-eyed Vireo,Vireo griseus,6310,yes
Vireo huttoni,Hutton's Vireo,6320,Vireo huttoni,Hutton's Vireo,Vireo huttoni,6320,yes
Vireo olivaceus,Red-eyed Vireo,6240,Vireo olivaceus,Red-eyed Vireo,Vireo olivaceus,6240,yes
Vireo philadelphicus,Philadelphia Vireo,6260,Vireo philadelphicus,Philadelphia Vireo,Vireo philadelphicus,6260,yes
Vireo plumbeus,Plumbeous Vireo,6292,Vireo plumbeus,Plumbeous Vireo,Vireo plumbeus,6292,yes
Vireo solitarius,Blue-headed Vireo,6290,Vireo solitarius,Blue-headed Vireo,Vireo solitarius,6290,yes
Vireo vicinior,Gray Vireo,6340,Vireo vicinior,Gray Vireo,Vireo vicinior,6340,yes
Xanthocephalus xanthocephalus,Yellow-headed Blackbird,4970,Xanthocephalus xanthocephalus,Yellow-headed Blackbird,Xanthocephalus xanthocephalus,4970,yes
Xema sabini,Sabine's Gull,620,Xema sabini,Sabine's Gull,Xema sabini,620,yes
Zenaida asiatica,White-winged Dove,3190,Zenaida asiatica,White-winged Dove,Zenaida asiatica,3190,yes
Zenaida macroura,Mourning Dove,3160,Zenaida macroura,Mourning Dove,Zenaida macroura,3160,yes
Zonotrichia albicollis,White-throated Sparrow,5580,Zonotrichia albicollis,White-throated Sparrow,Zonotrichia albicollis,5580,yes
Zonotrichia atricapilla,Golden-crowned Sparrow,5570,Zonotrichia atricapilla,Golden-crowned Sparrow,Zonotrichia atricapilla,5570,yes
Zonotrichia leucophrys,White-crowned Sparrow,5540,Zonotrichia leucophrys,White-crowned Sparrow,Zonotrichia leucophrys,5540,yes
Zonotrichia querula,Harris's Sparrow,5530,Zonotrichia querula,Harris's Sparrow,Zonotrichia querula,5530,yes
Zosterops simplex,Swinhoe's White-eye,7421,Zosterops simplex,Swinhoe's White-eye,Zosterops simplex,7421,yes
